[2026-04-17 10:05:19] local.ERROR: SQLSTATE[42S22]: Column not found: 1054 Unknown column 'accounting_acc_trans_mappings.added_by' in 'WHERE' (SQL: select count(*) as aggregate from `accounting_acc_trans_mappings` inner join `users` as `u` on `accounting_acc_trans_mappings`.`created_by` = `u`.`id` where `accounting_acc_trans_mappings`.`business_id` = 2 and `accounting_acc_trans_mappings`.`type` in (journal_entry, fixed_asset_depreciation, fixed_asset_acquisition, fixed_asset_disposal) and date(`accounting_acc_trans_mappings`.`operation_date`) >= 2026-01-01 and date(`accounting_acc_trans_mappings`.`operation_date`) <= 2026-12-31 and (LOWER(`accounting_acc_trans_mappings`.`operation_date`) LIKE %2% or LOWER(`accounting_acc_trans_mappings`.`ref_no`) LIKE %2% or LOWER(`accounting_acc_trans_mappings`.`added_by`) LIKE %2% or LOWER(`accounting_acc_trans_mappings`.`note`) LIKE %2%)) {"userId":14,"exception":"[object] (Illuminate\\Database\\QueryException(code: 42S22): SQLSTATE[42S22]: Column not found: 1054 Unknown column 'accounting_acc_trans_mappings.added_by' in 'WHERE' (SQL: select count(*) as aggregate from `accounting_acc_trans_mappings` inner join `users` as `u` on `accounting_acc_trans_mappings`.`created_by` = `u`.`id` where `accounting_acc_trans_mappings`.`business_id` = 2 and `accounting_acc_trans_mappings`.`type` in (journal_entry, fixed_asset_depreciation, fixed_asset_acquisition, fixed_asset_disposal) and date(`accounting_acc_trans_mappings`.`operation_date`) >= 2026-01-01 and date(`accounting_acc_trans_mappings`.`operation_date`) <= 2026-12-31 and (LOWER(`accounting_acc_trans_mappings`.`operation_date`) LIKE %2% or LOWER(`accounting_acc_trans_mappings`.`ref_no`) LIKE %2% or LOWER(`accounting_acc_trans_mappings`.`added_by`) LIKE %2% or LOWER(`accounting_acc_trans_mappings`.`note`) LIKE %2%)) at /home/team05/lika.teamjaketech.com/vendor/laravel/framework/src/Illuminate/Database/Connection.php:760)
[stacktrace]
#0 /home/team05/lika.teamjaketech.com/vendor/laravel/framework/src/Illuminate/Database/Connection.php(720): Illuminate\\Database\\Connection->runQueryCallback()
#1 /home/team05/lika.teamjaketech.com/vendor/laravel/framework/src/Illuminate/Database/Connection.php(405): Illuminate\\Database\\Connection->run()
#2 /home/team05/lika.teamjaketech.com/vendor/laravel/framework/src/Illuminate/Database/Query/Builder.php(2705): Illuminate\\Database\\Connection->select()
#3 /home/team05/lika.teamjaketech.com/vendor/laravel/framework/src/Illuminate/Database/Query/Builder.php(2694): Illuminate\\Database\\Query\\Builder->runSelect()
#4 /home/team05/lika.teamjaketech.com/vendor/laravel/framework/src/Illuminate/Database/Query/Builder.php(3230): Illuminate\\Database\\Query\\Builder->Illuminate\\Database\\Query\\{closure}()
#5 /home/team05/lika.teamjaketech.com/vendor/laravel/framework/src/Illuminate/Database/Query/Builder.php(2693): Illuminate\\Database\\Query\\Builder->onceWithColumns()
#6 /home/team05/lika.teamjaketech.com/vendor/laravel/framework/src/Illuminate/Database/Query/Builder.php(3157): Illuminate\\Database\\Query\\Builder->get()
#7 /home/team05/lika.teamjaketech.com/vendor/laravel/framework/src/Illuminate/Database/Query/Builder.php(3085): Illuminate\\Database\\Query\\Builder->aggregate()
#8 /home/team05/lika.teamjaketech.com/vendor/laravel/framework/src/Illuminate/Database/Eloquent/Builder.php(1869): Illuminate\\Database\\Query\\Builder->count()
#9 /home/team05/lika.teamjaketech.com/vendor/yajra/laravel-datatables-oracle/src/QueryDataTable.php(215): Illuminate\\Database\\Eloquent\\Builder->__call()
#10 /home/team05/lika.teamjaketech.com/vendor/yajra/laravel-datatables-oracle/src/QueryDataTable.php(200): Yajra\\DataTables\\QueryDataTable->count()
#11 /home/team05/lika.teamjaketech.com/vendor/yajra/laravel-datatables-oracle/src/DataTableAbstract.php(705): Yajra\\DataTables\\QueryDataTable->filteredCount()
#12 /home/team05/lika.teamjaketech.com/vendor/yajra/laravel-datatables-oracle/src/QueryDataTable.php(142): Yajra\\DataTables\\DataTableAbstract->filterRecords()
#13 /home/team05/lika.teamjaketech.com/vendor/yajra/laravel-datatables-oracle/src/QueryDataTable.php(99): Yajra\\DataTables\\QueryDataTable->prepareQuery()
#14 /home/team05/lika.teamjaketech.com/Modules/Accounting/Http/Controllers/JournalEntryController.php(114): Yajra\\DataTables\\QueryDataTable->make()
#15 /home/team05/lika.teamjaketech.com/vendor/laravel/framework/src/Illuminate/Routing/Controller.php(54): Modules\\Accounting\\Http\\Controllers\\JournalEntryController->index()
#16 /home/team05/lika.teamjaketech.com/vendor/laravel/framework/src/Illuminate/Routing/ControllerDispatcher.php(43): Illuminate\\Routing\\Controller->callAction()
#17 /home/team05/lika.teamjaketech.com/vendor/laravel/framework/src/Illuminate/Routing/Route.php(259): Illuminate\\Routing\\ControllerDispatcher->dispatch()
#18 /home/team05/lika.teamjaketech.com/vendor/laravel/framework/src/Illuminate/Routing/Route.php(205): Illuminate\\Routing\\Route->runController()
#19 /home/team05/lika.teamjaketech.com/vendor/laravel/framework/src/Illuminate/Routing/Router.php(798): Illuminate\\Routing\\Route->run()
#20 /home/team05/lika.teamjaketech.com/vendor/laravel/framework/src/Illuminate/Pipeline/Pipeline.php(141): Illuminate\\Routing\\Router->Illuminate\\Routing\\{closure}()
#21 /home/team05/lika.teamjaketech.com/app/Http/Middleware/AdminSidebarMenu.php(22): Illuminate\\Pipeline\\Pipeline->Illuminate\\Pipeline\\{closure}()
#22 /home/team05/lika.teamjaketech.com/vendor/laravel/framework/src/Illuminate/Pipeline/Pipeline.php(180): App\\Http\\Middleware\\AdminSidebarMenu->handle()
#23 /home/team05/lika.teamjaketech.com/app/Http/Middleware/Timezone.php(30): Illuminate\\Pipeline\\Pipeline->Illuminate\\Pipeline\\{closure}()
#24 /home/team05/lika.teamjaketech.com/vendor/laravel/framework/src/Illuminate/Pipeline/Pipeline.php(180): App\\Http\\Middleware\\Timezone->handle()
#25 /home/team05/lika.teamjaketech.com/app/Http/Middleware/Language.php(25): Illuminate\\Pipeline\\Pipeline->Illuminate\\Pipeline\\{closure}()
#26 /home/team05/lika.teamjaketech.com/vendor/laravel/framework/src/Illuminate/Pipeline/Pipeline.php(180): App\\Http\\Middleware\\Language->handle()
#27 /home/team05/lika.teamjaketech.com/app/Http/Middleware/SetSessionData.php(52): Illuminate\\Pipeline\\Pipeline->Illuminate\\Pipeline\\{closure}()
#28 /home/team05/lika.teamjaketech.com/vendor/laravel/framework/src/Illuminate/Pipeline/Pipeline.php(180): App\\Http\\Middleware\\SetSessionData->handle()
#29 /home/team05/lika.teamjaketech.com/vendor/laravel/framework/src/Illuminate/Routing/Middleware/SubstituteBindings.php(50): Illuminate\\Pipeline\\Pipeline->Illuminate\\Pipeline\\{closure}()
#30 /home/team05/lika.teamjaketech.com/vendor/laravel/framework/src/Illuminate/Pipeline/Pipeline.php(180): Illuminate\\Routing\\Middleware\\SubstituteBindings->handle()
#31 /home/team05/lika.teamjaketech.com/vendor/laravel/framework/src/Illuminate/Auth/Middleware/Authenticate.php(44): Illuminate\\Pipeline\\Pipeline->Illuminate\\Pipeline\\{closure}()
#32 /home/team05/lika.teamjaketech.com/vendor/laravel/framework/src/Illuminate/Pipeline/Pipeline.php(180): Illuminate\\Auth\\Middleware\\Authenticate->handle()
#33 /home/team05/lika.teamjaketech.com/vendor/laravel/framework/src/Illuminate/Foundation/Http/Middleware/VerifyCsrfToken.php(78): Illuminate\\Pipeline\\Pipeline->Illuminate\\Pipeline\\{closure}()
#34 /home/team05/lika.teamjaketech.com/vendor/laravel/framework/src/Illuminate/Pipeline/Pipeline.php(180): Illuminate\\Foundation\\Http\\Middleware\\VerifyCsrfToken->handle()
#35 /home/team05/lika.teamjaketech.com/vendor/laravel/framework/src/Illuminate/View/Middleware/ShareErrorsFromSession.php(49): Illuminate\\Pipeline\\Pipeline->Illuminate\\Pipeline\\{closure}()
#36 /home/team05/lika.teamjaketech.com/vendor/laravel/framework/src/Illuminate/Pipeline/Pipeline.php(180): Illuminate\\View\\Middleware\\ShareErrorsFromSession->handle()
#37 /home/team05/lika.teamjaketech.com/vendor/laravel/framework/src/Illuminate/Session/Middleware/StartSession.php(121): Illuminate\\Pipeline\\Pipeline->Illuminate\\Pipeline\\{closure}()
#38 /home/team05/lika.teamjaketech.com/vendor/laravel/framework/src/Illuminate/Session/Middleware/StartSession.php(64): Illuminate\\Session\\Middleware\\StartSession->handleStatefulRequest()
#39 /home/team05/lika.teamjaketech.com/vendor/laravel/framework/src/Illuminate/Pipeline/Pipeline.php(180): Illuminate\\Session\\Middleware\\StartSession->handle()
#40 /home/team05/lika.teamjaketech.com/vendor/laravel/framework/src/Illuminate/Cookie/Middleware/AddQueuedCookiesToResponse.php(37): Illuminate\\Pipeline\\Pipeline->Illuminate\\Pipeline\\{closure}()
#41 /home/team05/lika.teamjaketech.com/vendor/laravel/framework/src/Illuminate/Pipeline/Pipeline.php(180): Illuminate\\Cookie\\Middleware\\AddQueuedCookiesToResponse->handle()
#42 /home/team05/lika.teamjaketech.com/vendor/laravel/framework/src/Illuminate/Cookie/Middleware/EncryptCookies.php(67): Illuminate\\Pipeline\\Pipeline->Illuminate\\Pipeline\\{closure}()
#43 /home/team05/lika.teamjaketech.com/vendor/laravel/framework/src/Illuminate/Pipeline/Pipeline.php(180): Illuminate\\Cookie\\Middleware\\EncryptCookies->handle()
#44 /home/team05/lika.teamjaketech.com/vendor/laravel/framework/src/Illuminate/Pipeline/Pipeline.php(116): Illuminate\\Pipeline\\Pipeline->Illuminate\\Pipeline\\{closure}()
#45 /home/team05/lika.teamjaketech.com/vendor/laravel/framework/src/Illuminate/Routing/Router.php(797): Illuminate\\Pipeline\\Pipeline->then()
#46 /home/team05/lika.teamjaketech.com/vendor/laravel/framework/src/Illuminate/Routing/Router.php(776): Illuminate\\Routing\\Router->runRouteWithinStack()
#47 /home/team05/lika.teamjaketech.com/vendor/laravel/framework/src/Illuminate/Routing/Router.php(740): Illuminate\\Routing\\Router->runRoute()
#48 /home/team05/lika.teamjaketech.com/vendor/laravel/framework/src/Illuminate/Routing/Router.php(729): Illuminate\\Routing\\Router->dispatchToRoute()
#49 /home/team05/lika.teamjaketech.com/vendor/laravel/framework/src/Illuminate/Foundation/Http/Kernel.php(190): Illuminate\\Routing\\Router->dispatch()
#50 /home/team05/lika.teamjaketech.com/vendor/laravel/framework/src/Illuminate/Pipeline/Pipeline.php(141): Illuminate\\Foundation\\Http\\Kernel->Illuminate\\Foundation\\Http\\{closure}()
#51 /home/team05/lika.teamjaketech.com/vendor/barryvdh/laravel-debugbar/src/Middleware/InjectDebugbar.php(59): Illuminate\\Pipeline\\Pipeline->Illuminate\\Pipeline\\{closure}()
#52 /home/team05/lika.teamjaketech.com/vendor/laravel/framework/src/Illuminate/Pipeline/Pipeline.php(180): Barryvdh\\Debugbar\\Middleware\\InjectDebugbar->handle()
#53 /home/team05/lika.teamjaketech.com/vendor/laravel/framework/src/Illuminate/Foundation/Http/Middleware/TransformsRequest.php(21): Illuminate\\Pipeline\\Pipeline->Illuminate\\Pipeline\\{closure}()
#54 /home/team05/lika.teamjaketech.com/vendor/laravel/framework/src/Illuminate/Foundation/Http/Middleware/ConvertEmptyStringsToNull.php(31): Illuminate\\Foundation\\Http\\Middleware\\TransformsRequest->handle()
#55 /home/team05/lika.teamjaketech.com/vendor/laravel/framework/src/Illuminate/Pipeline/Pipeline.php(180): Illuminate\\Foundation\\Http\\Middleware\\ConvertEmptyStringsToNull->handle()
#56 /home/team05/lika.teamjaketech.com/vendor/laravel/framework/src/Illuminate/Foundation/Http/Middleware/TransformsRequest.php(21): Illuminate\\Pipeline\\Pipeline->Illuminate\\Pipeline\\{closure}()
#57 /home/team05/lika.teamjaketech.com/vendor/laravel/framework/src/Illuminate/Foundation/Http/Middleware/TrimStrings.php(40): Illuminate\\Foundation\\Http\\Middleware\\TransformsRequest->handle()
#58 /home/team05/lika.teamjaketech.com/vendor/laravel/framework/src/Illuminate/Pipeline/Pipeline.php(180): Illuminate\\Foundation\\Http\\Middleware\\TrimStrings->handle()
#59 /home/team05/lika.teamjaketech.com/vendor/laravel/framework/src/Illuminate/Foundation/Http/Middleware/ValidatePostSize.php(27): Illuminate\\Pipeline\\Pipeline->Illuminate\\Pipeline\\{closure}()
#60 /home/team05/lika.teamjaketech.com/vendor/laravel/framework/src/Illuminate/Pipeline/Pipeline.php(180): Illuminate\\Foundation\\Http\\Middleware\\ValidatePostSize->handle()
#61 /home/team05/lika.teamjaketech.com/vendor/laravel/framework/src/Illuminate/Foundation/Http/Middleware/PreventRequestsDuringMaintenance.php(86): Illuminate\\Pipeline\\Pipeline->Illuminate\\Pipeline\\{closure}()
#62 /home/team05/lika.teamjaketech.com/vendor/laravel/framework/src/Illuminate/Pipeline/Pipeline.php(180): Illuminate\\Foundation\\Http\\Middleware\\PreventRequestsDuringMaintenance->handle()
#63 /home/team05/lika.teamjaketech.com/vendor/laravel/framework/src/Illuminate/Http/Middleware/HandleCors.php(49): Illuminate\\Pipeline\\Pipeline->Illuminate\\Pipeline\\{closure}()
#64 /home/team05/lika.teamjaketech.com/vendor/laravel/framework/src/Illuminate/Pipeline/Pipeline.php(180): Illuminate\\Http\\Middleware\\HandleCors->handle()
#65 /home/team05/lika.teamjaketech.com/vendor/laravel/framework/src/Illuminate/Http/Middleware/TrustProxies.php(39): Illuminate\\Pipeline\\Pipeline->Illuminate\\Pipeline\\{closure}()
#66 /home/team05/lika.teamjaketech.com/vendor/laravel/framework/src/Illuminate/Pipeline/Pipeline.php(180): Illuminate\\Http\\Middleware\\TrustProxies->handle()
#67 /home/team05/lika.teamjaketech.com/vendor/laravel/framework/src/Illuminate/Pipeline/Pipeline.php(116): Illuminate\\Pipeline\\Pipeline->Illuminate\\Pipeline\\{closure}()
#68 /home/team05/lika.teamjaketech.com/vendor/laravel/framework/src/Illuminate/Foundation/Http/Kernel.php(165): Illuminate\\Pipeline\\Pipeline->then()
#69 /home/team05/lika.teamjaketech.com/vendor/laravel/framework/src/Illuminate/Foundation/Http/Kernel.php(134): Illuminate\\Foundation\\Http\\Kernel->sendRequestThroughRouter()
#70 /home/team05/lika.teamjaketech.com/public/index.php(51): Illuminate\\Foundation\\Http\\Kernel->handle()
#71 {main}

[previous exception] [object] (PDOException(code: 42S22): SQLSTATE[42S22]: Column not found: 1054 Unknown column 'accounting_acc_trans_mappings.added_by' in 'WHERE' at /home/team05/lika.teamjaketech.com/vendor/laravel/framework/src/Illuminate/Database/Connection.php:414)
[stacktrace]
#0 /home/team05/lika.teamjaketech.com/vendor/laravel/framework/src/Illuminate/Database/Connection.php(414): PDO->prepare()
#1 /home/team05/lika.teamjaketech.com/vendor/laravel/framework/src/Illuminate/Database/Connection.php(753): Illuminate\\Database\\Connection->Illuminate\\Database\\{closure}()
#2 /home/team05/lika.teamjaketech.com/vendor/laravel/framework/src/Illuminate/Database/Connection.php(720): Illuminate\\Database\\Connection->runQueryCallback()
#3 /home/team05/lika.teamjaketech.com/vendor/laravel/framework/src/Illuminate/Database/Connection.php(405): Illuminate\\Database\\Connection->run()
#4 /home/team05/lika.teamjaketech.com/vendor/laravel/framework/src/Illuminate/Database/Query/Builder.php(2705): Illuminate\\Database\\Connection->select()
#5 /home/team05/lika.teamjaketech.com/vendor/laravel/framework/src/Illuminate/Database/Query/Builder.php(2694): Illuminate\\Database\\Query\\Builder->runSelect()
#6 /home/team05/lika.teamjaketech.com/vendor/laravel/framework/src/Illuminate/Database/Query/Builder.php(3230): Illuminate\\Database\\Query\\Builder->Illuminate\\Database\\Query\\{closure}()
#7 /home/team05/lika.teamjaketech.com/vendor/laravel/framework/src/Illuminate/Database/Query/Builder.php(2693): Illuminate\\Database\\Query\\Builder->onceWithColumns()
#8 /home/team05/lika.teamjaketech.com/vendor/laravel/framework/src/Illuminate/Database/Query/Builder.php(3157): Illuminate\\Database\\Query\\Builder->get()
#9 /home/team05/lika.teamjaketech.com/vendor/laravel/framework/src/Illuminate/Database/Query/Builder.php(3085): Illuminate\\Database\\Query\\Builder->aggregate()
#10 /home/team05/lika.teamjaketech.com/vendor/laravel/framework/src/Illuminate/Database/Eloquent/Builder.php(1869): Illuminate\\Database\\Query\\Builder->count()
#11 /home/team05/lika.teamjaketech.com/vendor/yajra/laravel-datatables-oracle/src/QueryDataTable.php(215): Illuminate\\Database\\Eloquent\\Builder->__call()
#12 /home/team05/lika.teamjaketech.com/vendor/yajra/laravel-datatables-oracle/src/QueryDataTable.php(200): Yajra\\DataTables\\QueryDataTable->count()
#13 /home/team05/lika.teamjaketech.com/vendor/yajra/laravel-datatables-oracle/src/DataTableAbstract.php(705): Yajra\\DataTables\\QueryDataTable->filteredCount()
#14 /home/team05/lika.teamjaketech.com/vendor/yajra/laravel-datatables-oracle/src/QueryDataTable.php(142): Yajra\\DataTables\\DataTableAbstract->filterRecords()
#15 /home/team05/lika.teamjaketech.com/vendor/yajra/laravel-datatables-oracle/src/QueryDataTable.php(99): Yajra\\DataTables\\QueryDataTable->prepareQuery()
#16 /home/team05/lika.teamjaketech.com/Modules/Accounting/Http/Controllers/JournalEntryController.php(114): Yajra\\DataTables\\QueryDataTable->make()
#17 /home/team05/lika.teamjaketech.com/vendor/laravel/framework/src/Illuminate/Routing/Controller.php(54): Modules\\Accounting\\Http\\Controllers\\JournalEntryController->index()
#18 /home/team05/lika.teamjaketech.com/vendor/laravel/framework/src/Illuminate/Routing/ControllerDispatcher.php(43): Illuminate\\Routing\\Controller->callAction()
#19 /home/team05/lika.teamjaketech.com/vendor/laravel/framework/src/Illuminate/Routing/Route.php(259): Illuminate\\Routing\\ControllerDispatcher->dispatch()
#20 /home/team05/lika.teamjaketech.com/vendor/laravel/framework/src/Illuminate/Routing/Route.php(205): Illuminate\\Routing\\Route->runController()
#21 /home/team05/lika.teamjaketech.com/vendor/laravel/framework/src/Illuminate/Routing/Router.php(798): Illuminate\\Routing\\Route->run()
#22 /home/team05/lika.teamjaketech.com/vendor/laravel/framework/src/Illuminate/Pipeline/Pipeline.php(141): Illuminate\\Routing\\Router->Illuminate\\Routing\\{closure}()
#23 /home/team05/lika.teamjaketech.com/app/Http/Middleware/AdminSidebarMenu.php(22): Illuminate\\Pipeline\\Pipeline->Illuminate\\Pipeline\\{closure}()
#24 /home/team05/lika.teamjaketech.com/vendor/laravel/framework/src/Illuminate/Pipeline/Pipeline.php(180): App\\Http\\Middleware\\AdminSidebarMenu->handle()
#25 /home/team05/lika.teamjaketech.com/app/Http/Middleware/Timezone.php(30): Illuminate\\Pipeline\\Pipeline->Illuminate\\Pipeline\\{closure}()
#26 /home/team05/lika.teamjaketech.com/vendor/laravel/framework/src/Illuminate/Pipeline/Pipeline.php(180): App\\Http\\Middleware\\Timezone->handle()
#27 /home/team05/lika.teamjaketech.com/app/Http/Middleware/Language.php(25): Illuminate\\Pipeline\\Pipeline->Illuminate\\Pipeline\\{closure}()
#28 /home/team05/lika.teamjaketech.com/vendor/laravel/framework/src/Illuminate/Pipeline/Pipeline.php(180): App\\Http\\Middleware\\Language->handle()
#29 /home/team05/lika.teamjaketech.com/app/Http/Middleware/SetSessionData.php(52): Illuminate\\Pipeline\\Pipeline->Illuminate\\Pipeline\\{closure}()
#30 /home/team05/lika.teamjaketech.com/vendor/laravel/framework/src/Illuminate/Pipeline/Pipeline.php(180): App\\Http\\Middleware\\SetSessionData->handle()
#31 /home/team05/lika.teamjaketech.com/vendor/laravel/framework/src/Illuminate/Routing/Middleware/SubstituteBindings.php(50): Illuminate\\Pipeline\\Pipeline->Illuminate\\Pipeline\\{closure}()
#32 /home/team05/lika.teamjaketech.com/vendor/laravel/framework/src/Illuminate/Pipeline/Pipeline.php(180): Illuminate\\Routing\\Middleware\\SubstituteBindings->handle()
#33 /home/team05/lika.teamjaketech.com/vendor/laravel/framework/src/Illuminate/Auth/Middleware/Authenticate.php(44): Illuminate\\Pipeline\\Pipeline->Illuminate\\Pipeline\\{closure}()
#34 /home/team05/lika.teamjaketech.com/vendor/laravel/framework/src/Illuminate/Pipeline/Pipeline.php(180): Illuminate\\Auth\\Middleware\\Authenticate->handle()
#35 /home/team05/lika.teamjaketech.com/vendor/laravel/framework/src/Illuminate/Foundation/Http/Middleware/VerifyCsrfToken.php(78): Illuminate\\Pipeline\\Pipeline->Illuminate\\Pipeline\\{closure}()
#36 /home/team05/lika.teamjaketech.com/vendor/laravel/framework/src/Illuminate/Pipeline/Pipeline.php(180): Illuminate\\Foundation\\Http\\Middleware\\VerifyCsrfToken->handle()
#37 /home/team05/lika.teamjaketech.com/vendor/laravel/framework/src/Illuminate/View/Middleware/ShareErrorsFromSession.php(49): Illuminate\\Pipeline\\Pipeline->Illuminate\\Pipeline\\{closure}()
#38 /home/team05/lika.teamjaketech.com/vendor/laravel/framework/src/Illuminate/Pipeline/Pipeline.php(180): Illuminate\\View\\Middleware\\ShareErrorsFromSession->handle()
#39 /home/team05/lika.teamjaketech.com/vendor/laravel/framework/src/Illuminate/Session/Middleware/StartSession.php(121): Illuminate\\Pipeline\\Pipeline->Illuminate\\Pipeline\\{closure}()
#40 /home/team05/lika.teamjaketech.com/vendor/laravel/framework/src/Illuminate/Session/Middleware/StartSession.php(64): Illuminate\\Session\\Middleware\\StartSession->handleStatefulRequest()
#41 /home/team05/lika.teamjaketech.com/vendor/laravel/framework/src/Illuminate/Pipeline/Pipeline.php(180): Illuminate\\Session\\Middleware\\StartSession->handle()
#42 /home/team05/lika.teamjaketech.com/vendor/laravel/framework/src/Illuminate/Cookie/Middleware/AddQueuedCookiesToResponse.php(37): Illuminate\\Pipeline\\Pipeline->Illuminate\\Pipeline\\{closure}()
#43 /home/team05/lika.teamjaketech.com/vendor/laravel/framework/src/Illuminate/Pipeline/Pipeline.php(180): Illuminate\\Cookie\\Middleware\\AddQueuedCookiesToResponse->handle()
#44 /home/team05/lika.teamjaketech.com/vendor/laravel/framework/src/Illuminate/Cookie/Middleware/EncryptCookies.php(67): Illuminate\\Pipeline\\Pipeline->Illuminate\\Pipeline\\{closure}()
#45 /home/team05/lika.teamjaketech.com/vendor/laravel/framework/src/Illuminate/Pipeline/Pipeline.php(180): Illuminate\\Cookie\\Middleware\\EncryptCookies->handle()
#46 /home/team05/lika.teamjaketech.com/vendor/laravel/framework/src/Illuminate/Pipeline/Pipeline.php(116): Illuminate\\Pipeline\\Pipeline->Illuminate\\Pipeline\\{closure}()
#47 /home/team05/lika.teamjaketech.com/vendor/laravel/framework/src/Illuminate/Routing/Router.php(797): Illuminate\\Pipeline\\Pipeline->then()
#48 /home/team05/lika.teamjaketech.com/vendor/laravel/framework/src/Illuminate/Routing/Router.php(776): Illuminate\\Routing\\Router->runRouteWithinStack()
#49 /home/team05/lika.teamjaketech.com/vendor/laravel/framework/src/Illuminate/Routing/Router.php(740): Illuminate\\Routing\\Router->runRoute()
#50 /home/team05/lika.teamjaketech.com/vendor/laravel/framework/src/Illuminate/Routing/Router.php(729): Illuminate\\Routing\\Router->dispatchToRoute()
#51 /home/team05/lika.teamjaketech.com/vendor/laravel/framework/src/Illuminate/Foundation/Http/Kernel.php(190): Illuminate\\Routing\\Router->dispatch()
#52 /home/team05/lika.teamjaketech.com/vendor/laravel/framework/src/Illuminate/Pipeline/Pipeline.php(141): Illuminate\\Foundation\\Http\\Kernel->Illuminate\\Foundation\\Http\\{closure}()
#53 /home/team05/lika.teamjaketech.com/vendor/barryvdh/laravel-debugbar/src/Middleware/InjectDebugbar.php(59): Illuminate\\Pipeline\\Pipeline->Illuminate\\Pipeline\\{closure}()
#54 /home/team05/lika.teamjaketech.com/vendor/laravel/framework/src/Illuminate/Pipeline/Pipeline.php(180): Barryvdh\\Debugbar\\Middleware\\InjectDebugbar->handle()
#55 /home/team05/lika.teamjaketech.com/vendor/laravel/framework/src/Illuminate/Foundation/Http/Middleware/TransformsRequest.php(21): Illuminate\\Pipeline\\Pipeline->Illuminate\\Pipeline\\{closure}()
#56 /home/team05/lika.teamjaketech.com/vendor/laravel/framework/src/Illuminate/Foundation/Http/Middleware/ConvertEmptyStringsToNull.php(31): Illuminate\\Foundation\\Http\\Middleware\\TransformsRequest->handle()
#57 /home/team05/lika.teamjaketech.com/vendor/laravel/framework/src/Illuminate/Pipeline/Pipeline.php(180): Illuminate\\Foundation\\Http\\Middleware\\ConvertEmptyStringsToNull->handle()
#58 /home/team05/lika.teamjaketech.com/vendor/laravel/framework/src/Illuminate/Foundation/Http/Middleware/TransformsRequest.php(21): Illuminate\\Pipeline\\Pipeline->Illuminate\\Pipeline\\{closure}()
#59 /home/team05/lika.teamjaketech.com/vendor/laravel/framework/src/Illuminate/Foundation/Http/Middleware/TrimStrings.php(40): Illuminate\\Foundation\\Http\\Middleware\\TransformsRequest->handle()
#60 /home/team05/lika.teamjaketech.com/vendor/laravel/framework/src/Illuminate/Pipeline/Pipeline.php(180): Illuminate\\Foundation\\Http\\Middleware\\TrimStrings->handle()
#61 /home/team05/lika.teamjaketech.com/vendor/laravel/framework/src/Illuminate/Foundation/Http/Middleware/ValidatePostSize.php(27): Illuminate\\Pipeline\\Pipeline->Illuminate\\Pipeline\\{closure}()
#62 /home/team05/lika.teamjaketech.com/vendor/laravel/framework/src/Illuminate/Pipeline/Pipeline.php(180): Illuminate\\Foundation\\Http\\Middleware\\ValidatePostSize->handle()
#63 /home/team05/lika.teamjaketech.com/vendor/laravel/framework/src/Illuminate/Foundation/Http/Middleware/PreventRequestsDuringMaintenance.php(86): Illuminate\\Pipeline\\Pipeline->Illuminate\\Pipeline\\{closure}()
#64 /home/team05/lika.teamjaketech.com/vendor/laravel/framework/src/Illuminate/Pipeline/Pipeline.php(180): Illuminate\\Foundation\\Http\\Middleware\\PreventRequestsDuringMaintenance->handle()
#65 /home/team05/lika.teamjaketech.com/vendor/laravel/framework/src/Illuminate/Http/Middleware/HandleCors.php(49): Illuminate\\Pipeline\\Pipeline->Illuminate\\Pipeline\\{closure}()
#66 /home/team05/lika.teamjaketech.com/vendor/laravel/framework/src/Illuminate/Pipeline/Pipeline.php(180): Illuminate\\Http\\Middleware\\HandleCors->handle()
#67 /home/team05/lika.teamjaketech.com/vendor/laravel/framework/src/Illuminate/Http/Middleware/TrustProxies.php(39): Illuminate\\Pipeline\\Pipeline->Illuminate\\Pipeline\\{closure}()
#68 /home/team05/lika.teamjaketech.com/vendor/laravel/framework/src/Illuminate/Pipeline/Pipeline.php(180): Illuminate\\Http\\Middleware\\TrustProxies->handle()
#69 /home/team05/lika.teamjaketech.com/vendor/laravel/framework/src/Illuminate/Pipeline/Pipeline.php(116): Illuminate\\Pipeline\\Pipeline->Illuminate\\Pipeline\\{closure}()
#70 /home/team05/lika.teamjaketech.com/vendor/laravel/framework/src/Illuminate/Foundation/Http/Kernel.php(165): Illuminate\\Pipeline\\Pipeline->then()
#71 /home/team05/lika.teamjaketech.com/vendor/laravel/framework/src/Illuminate/Foundation/Http/Kernel.php(134): Illuminate\\Foundation\\Http\\Kernel->sendRequestThroughRouter()
#72 /home/team05/lika.teamjaketech.com/public/index.php(51): Illuminate\\Foundation\\Http\\Kernel->handle()
#73 {main}
"} 
[2026-04-17 10:05:19] local.ERROR: SQLSTATE[42S22]: Column not found: 1054 Unknown column 'accounting_acc_trans_mappings.added_by' in 'WHERE' (SQL: select count(*) as aggregate from `accounting_acc_trans_mappings` inner join `users` as `u` on `accounting_acc_trans_mappings`.`created_by` = `u`.`id` where `accounting_acc_trans_mappings`.`business_id` = 2 and `accounting_acc_trans_mappings`.`type` in (journal_entry, fixed_asset_depreciation, fixed_asset_acquisition, fixed_asset_disposal) and date(`accounting_acc_trans_mappings`.`operation_date`) >= 2026-01-01 and date(`accounting_acc_trans_mappings`.`operation_date`) <= 2026-12-31 and (LOWER(`accounting_acc_trans_mappings`.`operation_date`) LIKE %23% or LOWER(`accounting_acc_trans_mappings`.`ref_no`) LIKE %23% or LOWER(`accounting_acc_trans_mappings`.`added_by`) LIKE %23% or LOWER(`accounting_acc_trans_mappings`.`note`) LIKE %23%)) {"userId":14,"exception":"[object] (Illuminate\\Database\\QueryException(code: 42S22): SQLSTATE[42S22]: Column not found: 1054 Unknown column 'accounting_acc_trans_mappings.added_by' in 'WHERE' (SQL: select count(*) as aggregate from `accounting_acc_trans_mappings` inner join `users` as `u` on `accounting_acc_trans_mappings`.`created_by` = `u`.`id` where `accounting_acc_trans_mappings`.`business_id` = 2 and `accounting_acc_trans_mappings`.`type` in (journal_entry, fixed_asset_depreciation, fixed_asset_acquisition, fixed_asset_disposal) and date(`accounting_acc_trans_mappings`.`operation_date`) >= 2026-01-01 and date(`accounting_acc_trans_mappings`.`operation_date`) <= 2026-12-31 and (LOWER(`accounting_acc_trans_mappings`.`operation_date`) LIKE %23% or LOWER(`accounting_acc_trans_mappings`.`ref_no`) LIKE %23% or LOWER(`accounting_acc_trans_mappings`.`added_by`) LIKE %23% or LOWER(`accounting_acc_trans_mappings`.`note`) LIKE %23%)) at /home/team05/lika.teamjaketech.com/vendor/laravel/framework/src/Illuminate/Database/Connection.php:760)
[stacktrace]
#0 /home/team05/lika.teamjaketech.com/vendor/laravel/framework/src/Illuminate/Database/Connection.php(720): Illuminate\\Database\\Connection->runQueryCallback()
#1 /home/team05/lika.teamjaketech.com/vendor/laravel/framework/src/Illuminate/Database/Connection.php(405): Illuminate\\Database\\Connection->run()
#2 /home/team05/lika.teamjaketech.com/vendor/laravel/framework/src/Illuminate/Database/Query/Builder.php(2705): Illuminate\\Database\\Connection->select()
#3 /home/team05/lika.teamjaketech.com/vendor/laravel/framework/src/Illuminate/Database/Query/Builder.php(2694): Illuminate\\Database\\Query\\Builder->runSelect()
#4 /home/team05/lika.teamjaketech.com/vendor/laravel/framework/src/Illuminate/Database/Query/Builder.php(3230): Illuminate\\Database\\Query\\Builder->Illuminate\\Database\\Query\\{closure}()
#5 /home/team05/lika.teamjaketech.com/vendor/laravel/framework/src/Illuminate/Database/Query/Builder.php(2693): Illuminate\\Database\\Query\\Builder->onceWithColumns()
#6 /home/team05/lika.teamjaketech.com/vendor/laravel/framework/src/Illuminate/Database/Query/Builder.php(3157): Illuminate\\Database\\Query\\Builder->get()
#7 /home/team05/lika.teamjaketech.com/vendor/laravel/framework/src/Illuminate/Database/Query/Builder.php(3085): Illuminate\\Database\\Query\\Builder->aggregate()
#8 /home/team05/lika.teamjaketech.com/vendor/laravel/framework/src/Illuminate/Database/Eloquent/Builder.php(1869): Illuminate\\Database\\Query\\Builder->count()
#9 /home/team05/lika.teamjaketech.com/vendor/yajra/laravel-datatables-oracle/src/QueryDataTable.php(215): Illuminate\\Database\\Eloquent\\Builder->__call()
#10 /home/team05/lika.teamjaketech.com/vendor/yajra/laravel-datatables-oracle/src/QueryDataTable.php(200): Yajra\\DataTables\\QueryDataTable->count()
#11 /home/team05/lika.teamjaketech.com/vendor/yajra/laravel-datatables-oracle/src/DataTableAbstract.php(705): Yajra\\DataTables\\QueryDataTable->filteredCount()
#12 /home/team05/lika.teamjaketech.com/vendor/yajra/laravel-datatables-oracle/src/QueryDataTable.php(142): Yajra\\DataTables\\DataTableAbstract->filterRecords()
#13 /home/team05/lika.teamjaketech.com/vendor/yajra/laravel-datatables-oracle/src/QueryDataTable.php(99): Yajra\\DataTables\\QueryDataTable->prepareQuery()
#14 /home/team05/lika.teamjaketech.com/Modules/Accounting/Http/Controllers/JournalEntryController.php(114): Yajra\\DataTables\\QueryDataTable->make()
#15 /home/team05/lika.teamjaketech.com/vendor/laravel/framework/src/Illuminate/Routing/Controller.php(54): Modules\\Accounting\\Http\\Controllers\\JournalEntryController->index()
#16 /home/team05/lika.teamjaketech.com/vendor/laravel/framework/src/Illuminate/Routing/ControllerDispatcher.php(43): Illuminate\\Routing\\Controller->callAction()
#17 /home/team05/lika.teamjaketech.com/vendor/laravel/framework/src/Illuminate/Routing/Route.php(259): Illuminate\\Routing\\ControllerDispatcher->dispatch()
#18 /home/team05/lika.teamjaketech.com/vendor/laravel/framework/src/Illuminate/Routing/Route.php(205): Illuminate\\Routing\\Route->runController()
#19 /home/team05/lika.teamjaketech.com/vendor/laravel/framework/src/Illuminate/Routing/Router.php(798): Illuminate\\Routing\\Route->run()
#20 /home/team05/lika.teamjaketech.com/vendor/laravel/framework/src/Illuminate/Pipeline/Pipeline.php(141): Illuminate\\Routing\\Router->Illuminate\\Routing\\{closure}()
#21 /home/team05/lika.teamjaketech.com/app/Http/Middleware/AdminSidebarMenu.php(22): Illuminate\\Pipeline\\Pipeline->Illuminate\\Pipeline\\{closure}()
#22 /home/team05/lika.teamjaketech.com/vendor/laravel/framework/src/Illuminate/Pipeline/Pipeline.php(180): App\\Http\\Middleware\\AdminSidebarMenu->handle()
#23 /home/team05/lika.teamjaketech.com/app/Http/Middleware/Timezone.php(30): Illuminate\\Pipeline\\Pipeline->Illuminate\\Pipeline\\{closure}()
#24 /home/team05/lika.teamjaketech.com/vendor/laravel/framework/src/Illuminate/Pipeline/Pipeline.php(180): App\\Http\\Middleware\\Timezone->handle()
#25 /home/team05/lika.teamjaketech.com/app/Http/Middleware/Language.php(25): Illuminate\\Pipeline\\Pipeline->Illuminate\\Pipeline\\{closure}()
#26 /home/team05/lika.teamjaketech.com/vendor/laravel/framework/src/Illuminate/Pipeline/Pipeline.php(180): App\\Http\\Middleware\\Language->handle()
#27 /home/team05/lika.teamjaketech.com/app/Http/Middleware/SetSessionData.php(52): Illuminate\\Pipeline\\Pipeline->Illuminate\\Pipeline\\{closure}()
#28 /home/team05/lika.teamjaketech.com/vendor/laravel/framework/src/Illuminate/Pipeline/Pipeline.php(180): App\\Http\\Middleware\\SetSessionData->handle()
#29 /home/team05/lika.teamjaketech.com/vendor/laravel/framework/src/Illuminate/Routing/Middleware/SubstituteBindings.php(50): Illuminate\\Pipeline\\Pipeline->Illuminate\\Pipeline\\{closure}()
#30 /home/team05/lika.teamjaketech.com/vendor/laravel/framework/src/Illuminate/Pipeline/Pipeline.php(180): Illuminate\\Routing\\Middleware\\SubstituteBindings->handle()
#31 /home/team05/lika.teamjaketech.com/vendor/laravel/framework/src/Illuminate/Auth/Middleware/Authenticate.php(44): Illuminate\\Pipeline\\Pipeline->Illuminate\\Pipeline\\{closure}()
#32 /home/team05/lika.teamjaketech.com/vendor/laravel/framework/src/Illuminate/Pipeline/Pipeline.php(180): Illuminate\\Auth\\Middleware\\Authenticate->handle()
#33 /home/team05/lika.teamjaketech.com/vendor/laravel/framework/src/Illuminate/Foundation/Http/Middleware/VerifyCsrfToken.php(78): Illuminate\\Pipeline\\Pipeline->Illuminate\\Pipeline\\{closure}()
#34 /home/team05/lika.teamjaketech.com/vendor/laravel/framework/src/Illuminate/Pipeline/Pipeline.php(180): Illuminate\\Foundation\\Http\\Middleware\\VerifyCsrfToken->handle()
#35 /home/team05/lika.teamjaketech.com/vendor/laravel/framework/src/Illuminate/View/Middleware/ShareErrorsFromSession.php(49): Illuminate\\Pipeline\\Pipeline->Illuminate\\Pipeline\\{closure}()
#36 /home/team05/lika.teamjaketech.com/vendor/laravel/framework/src/Illuminate/Pipeline/Pipeline.php(180): Illuminate\\View\\Middleware\\ShareErrorsFromSession->handle()
#37 /home/team05/lika.teamjaketech.com/vendor/laravel/framework/src/Illuminate/Session/Middleware/StartSession.php(121): Illuminate\\Pipeline\\Pipeline->Illuminate\\Pipeline\\{closure}()
#38 /home/team05/lika.teamjaketech.com/vendor/laravel/framework/src/Illuminate/Session/Middleware/StartSession.php(64): Illuminate\\Session\\Middleware\\StartSession->handleStatefulRequest()
#39 /home/team05/lika.teamjaketech.com/vendor/laravel/framework/src/Illuminate/Pipeline/Pipeline.php(180): Illuminate\\Session\\Middleware\\StartSession->handle()
#40 /home/team05/lika.teamjaketech.com/vendor/laravel/framework/src/Illuminate/Cookie/Middleware/AddQueuedCookiesToResponse.php(37): Illuminate\\Pipeline\\Pipeline->Illuminate\\Pipeline\\{closure}()
#41 /home/team05/lika.teamjaketech.com/vendor/laravel/framework/src/Illuminate/Pipeline/Pipeline.php(180): Illuminate\\Cookie\\Middleware\\AddQueuedCookiesToResponse->handle()
#42 /home/team05/lika.teamjaketech.com/vendor/laravel/framework/src/Illuminate/Cookie/Middleware/EncryptCookies.php(67): Illuminate\\Pipeline\\Pipeline->Illuminate\\Pipeline\\{closure}()
#43 /home/team05/lika.teamjaketech.com/vendor/laravel/framework/src/Illuminate/Pipeline/Pipeline.php(180): Illuminate\\Cookie\\Middleware\\EncryptCookies->handle()
#44 /home/team05/lika.teamjaketech.com/vendor/laravel/framework/src/Illuminate/Pipeline/Pipeline.php(116): Illuminate\\Pipeline\\Pipeline->Illuminate\\Pipeline\\{closure}()
#45 /home/team05/lika.teamjaketech.com/vendor/laravel/framework/src/Illuminate/Routing/Router.php(797): Illuminate\\Pipeline\\Pipeline->then()
#46 /home/team05/lika.teamjaketech.com/vendor/laravel/framework/src/Illuminate/Routing/Router.php(776): Illuminate\\Routing\\Router->runRouteWithinStack()
#47 /home/team05/lika.teamjaketech.com/vendor/laravel/framework/src/Illuminate/Routing/Router.php(740): Illuminate\\Routing\\Router->runRoute()
#48 /home/team05/lika.teamjaketech.com/vendor/laravel/framework/src/Illuminate/Routing/Router.php(729): Illuminate\\Routing\\Router->dispatchToRoute()
#49 /home/team05/lika.teamjaketech.com/vendor/laravel/framework/src/Illuminate/Foundation/Http/Kernel.php(190): Illuminate\\Routing\\Router->dispatch()
#50 /home/team05/lika.teamjaketech.com/vendor/laravel/framework/src/Illuminate/Pipeline/Pipeline.php(141): Illuminate\\Foundation\\Http\\Kernel->Illuminate\\Foundation\\Http\\{closure}()
#51 /home/team05/lika.teamjaketech.com/vendor/barryvdh/laravel-debugbar/src/Middleware/InjectDebugbar.php(59): Illuminate\\Pipeline\\Pipeline->Illuminate\\Pipeline\\{closure}()
#52 /home/team05/lika.teamjaketech.com/vendor/laravel/framework/src/Illuminate/Pipeline/Pipeline.php(180): Barryvdh\\Debugbar\\Middleware\\InjectDebugbar->handle()
#53 /home/team05/lika.teamjaketech.com/vendor/laravel/framework/src/Illuminate/Foundation/Http/Middleware/TransformsRequest.php(21): Illuminate\\Pipeline\\Pipeline->Illuminate\\Pipeline\\{closure}()
#54 /home/team05/lika.teamjaketech.com/vendor/laravel/framework/src/Illuminate/Foundation/Http/Middleware/ConvertEmptyStringsToNull.php(31): Illuminate\\Foundation\\Http\\Middleware\\TransformsRequest->handle()
#55 /home/team05/lika.teamjaketech.com/vendor/laravel/framework/src/Illuminate/Pipeline/Pipeline.php(180): Illuminate\\Foundation\\Http\\Middleware\\ConvertEmptyStringsToNull->handle()
#56 /home/team05/lika.teamjaketech.com/vendor/laravel/framework/src/Illuminate/Foundation/Http/Middleware/TransformsRequest.php(21): Illuminate\\Pipeline\\Pipeline->Illuminate\\Pipeline\\{closure}()
#57 /home/team05/lika.teamjaketech.com/vendor/laravel/framework/src/Illuminate/Foundation/Http/Middleware/TrimStrings.php(40): Illuminate\\Foundation\\Http\\Middleware\\TransformsRequest->handle()
#58 /home/team05/lika.teamjaketech.com/vendor/laravel/framework/src/Illuminate/Pipeline/Pipeline.php(180): Illuminate\\Foundation\\Http\\Middleware\\TrimStrings->handle()
#59 /home/team05/lika.teamjaketech.com/vendor/laravel/framework/src/Illuminate/Foundation/Http/Middleware/ValidatePostSize.php(27): Illuminate\\Pipeline\\Pipeline->Illuminate\\Pipeline\\{closure}()
#60 /home/team05/lika.teamjaketech.com/vendor/laravel/framework/src/Illuminate/Pipeline/Pipeline.php(180): Illuminate\\Foundation\\Http\\Middleware\\ValidatePostSize->handle()
#61 /home/team05/lika.teamjaketech.com/vendor/laravel/framework/src/Illuminate/Foundation/Http/Middleware/PreventRequestsDuringMaintenance.php(86): Illuminate\\Pipeline\\Pipeline->Illuminate\\Pipeline\\{closure}()
#62 /home/team05/lika.teamjaketech.com/vendor/laravel/framework/src/Illuminate/Pipeline/Pipeline.php(180): Illuminate\\Foundation\\Http\\Middleware\\PreventRequestsDuringMaintenance->handle()
#63 /home/team05/lika.teamjaketech.com/vendor/laravel/framework/src/Illuminate/Http/Middleware/HandleCors.php(49): Illuminate\\Pipeline\\Pipeline->Illuminate\\Pipeline\\{closure}()
#64 /home/team05/lika.teamjaketech.com/vendor/laravel/framework/src/Illuminate/Pipeline/Pipeline.php(180): Illuminate\\Http\\Middleware\\HandleCors->handle()
#65 /home/team05/lika.teamjaketech.com/vendor/laravel/framework/src/Illuminate/Http/Middleware/TrustProxies.php(39): Illuminate\\Pipeline\\Pipeline->Illuminate\\Pipeline\\{closure}()
#66 /home/team05/lika.teamjaketech.com/vendor/laravel/framework/src/Illuminate/Pipeline/Pipeline.php(180): Illuminate\\Http\\Middleware\\TrustProxies->handle()
#67 /home/team05/lika.teamjaketech.com/vendor/laravel/framework/src/Illuminate/Pipeline/Pipeline.php(116): Illuminate\\Pipeline\\Pipeline->Illuminate\\Pipeline\\{closure}()
#68 /home/team05/lika.teamjaketech.com/vendor/laravel/framework/src/Illuminate/Foundation/Http/Kernel.php(165): Illuminate\\Pipeline\\Pipeline->then()
#69 /home/team05/lika.teamjaketech.com/vendor/laravel/framework/src/Illuminate/Foundation/Http/Kernel.php(134): Illuminate\\Foundation\\Http\\Kernel->sendRequestThroughRouter()
#70 /home/team05/lika.teamjaketech.com/public/index.php(51): Illuminate\\Foundation\\Http\\Kernel->handle()
#71 {main}

[previous exception] [object] (PDOException(code: 42S22): SQLSTATE[42S22]: Column not found: 1054 Unknown column 'accounting_acc_trans_mappings.added_by' in 'WHERE' at /home/team05/lika.teamjaketech.com/vendor/laravel/framework/src/Illuminate/Database/Connection.php:414)
[stacktrace]
#0 /home/team05/lika.teamjaketech.com/vendor/laravel/framework/src/Illuminate/Database/Connection.php(414): PDO->prepare()
#1 /home/team05/lika.teamjaketech.com/vendor/laravel/framework/src/Illuminate/Database/Connection.php(753): Illuminate\\Database\\Connection->Illuminate\\Database\\{closure}()
#2 /home/team05/lika.teamjaketech.com/vendor/laravel/framework/src/Illuminate/Database/Connection.php(720): Illuminate\\Database\\Connection->runQueryCallback()
#3 /home/team05/lika.teamjaketech.com/vendor/laravel/framework/src/Illuminate/Database/Connection.php(405): Illuminate\\Database\\Connection->run()
#4 /home/team05/lika.teamjaketech.com/vendor/laravel/framework/src/Illuminate/Database/Query/Builder.php(2705): Illuminate\\Database\\Connection->select()
#5 /home/team05/lika.teamjaketech.com/vendor/laravel/framework/src/Illuminate/Database/Query/Builder.php(2694): Illuminate\\Database\\Query\\Builder->runSelect()
#6 /home/team05/lika.teamjaketech.com/vendor/laravel/framework/src/Illuminate/Database/Query/Builder.php(3230): Illuminate\\Database\\Query\\Builder->Illuminate\\Database\\Query\\{closure}()
#7 /home/team05/lika.teamjaketech.com/vendor/laravel/framework/src/Illuminate/Database/Query/Builder.php(2693): Illuminate\\Database\\Query\\Builder->onceWithColumns()
#8 /home/team05/lika.teamjaketech.com/vendor/laravel/framework/src/Illuminate/Database/Query/Builder.php(3157): Illuminate\\Database\\Query\\Builder->get()
#9 /home/team05/lika.teamjaketech.com/vendor/laravel/framework/src/Illuminate/Database/Query/Builder.php(3085): Illuminate\\Database\\Query\\Builder->aggregate()
#10 /home/team05/lika.teamjaketech.com/vendor/laravel/framework/src/Illuminate/Database/Eloquent/Builder.php(1869): Illuminate\\Database\\Query\\Builder->count()
#11 /home/team05/lika.teamjaketech.com/vendor/yajra/laravel-datatables-oracle/src/QueryDataTable.php(215): Illuminate\\Database\\Eloquent\\Builder->__call()
#12 /home/team05/lika.teamjaketech.com/vendor/yajra/laravel-datatables-oracle/src/QueryDataTable.php(200): Yajra\\DataTables\\QueryDataTable->count()
#13 /home/team05/lika.teamjaketech.com/vendor/yajra/laravel-datatables-oracle/src/DataTableAbstract.php(705): Yajra\\DataTables\\QueryDataTable->filteredCount()
#14 /home/team05/lika.teamjaketech.com/vendor/yajra/laravel-datatables-oracle/src/QueryDataTable.php(142): Yajra\\DataTables\\DataTableAbstract->filterRecords()
#15 /home/team05/lika.teamjaketech.com/vendor/yajra/laravel-datatables-oracle/src/QueryDataTable.php(99): Yajra\\DataTables\\QueryDataTable->prepareQuery()
#16 /home/team05/lika.teamjaketech.com/Modules/Accounting/Http/Controllers/JournalEntryController.php(114): Yajra\\DataTables\\QueryDataTable->make()
#17 /home/team05/lika.teamjaketech.com/vendor/laravel/framework/src/Illuminate/Routing/Controller.php(54): Modules\\Accounting\\Http\\Controllers\\JournalEntryController->index()
#18 /home/team05/lika.teamjaketech.com/vendor/laravel/framework/src/Illuminate/Routing/ControllerDispatcher.php(43): Illuminate\\Routing\\Controller->callAction()
#19 /home/team05/lika.teamjaketech.com/vendor/laravel/framework/src/Illuminate/Routing/Route.php(259): Illuminate\\Routing\\ControllerDispatcher->dispatch()
#20 /home/team05/lika.teamjaketech.com/vendor/laravel/framework/src/Illuminate/Routing/Route.php(205): Illuminate\\Routing\\Route->runController()
#21 /home/team05/lika.teamjaketech.com/vendor/laravel/framework/src/Illuminate/Routing/Router.php(798): Illuminate\\Routing\\Route->run()
#22 /home/team05/lika.teamjaketech.com/vendor/laravel/framework/src/Illuminate/Pipeline/Pipeline.php(141): Illuminate\\Routing\\Router->Illuminate\\Routing\\{closure}()
#23 /home/team05/lika.teamjaketech.com/app/Http/Middleware/AdminSidebarMenu.php(22): Illuminate\\Pipeline\\Pipeline->Illuminate\\Pipeline\\{closure}()
#24 /home/team05/lika.teamjaketech.com/vendor/laravel/framework/src/Illuminate/Pipeline/Pipeline.php(180): App\\Http\\Middleware\\AdminSidebarMenu->handle()
#25 /home/team05/lika.teamjaketech.com/app/Http/Middleware/Timezone.php(30): Illuminate\\Pipeline\\Pipeline->Illuminate\\Pipeline\\{closure}()
#26 /home/team05/lika.teamjaketech.com/vendor/laravel/framework/src/Illuminate/Pipeline/Pipeline.php(180): App\\Http\\Middleware\\Timezone->handle()
#27 /home/team05/lika.teamjaketech.com/app/Http/Middleware/Language.php(25): Illuminate\\Pipeline\\Pipeline->Illuminate\\Pipeline\\{closure}()
#28 /home/team05/lika.teamjaketech.com/vendor/laravel/framework/src/Illuminate/Pipeline/Pipeline.php(180): App\\Http\\Middleware\\Language->handle()
#29 /home/team05/lika.teamjaketech.com/app/Http/Middleware/SetSessionData.php(52): Illuminate\\Pipeline\\Pipeline->Illuminate\\Pipeline\\{closure}()
#30 /home/team05/lika.teamjaketech.com/vendor/laravel/framework/src/Illuminate/Pipeline/Pipeline.php(180): App\\Http\\Middleware\\SetSessionData->handle()
#31 /home/team05/lika.teamjaketech.com/vendor/laravel/framework/src/Illuminate/Routing/Middleware/SubstituteBindings.php(50): Illuminate\\Pipeline\\Pipeline->Illuminate\\Pipeline\\{closure}()
#32 /home/team05/lika.teamjaketech.com/vendor/laravel/framework/src/Illuminate/Pipeline/Pipeline.php(180): Illuminate\\Routing\\Middleware\\SubstituteBindings->handle()
#33 /home/team05/lika.teamjaketech.com/vendor/laravel/framework/src/Illuminate/Auth/Middleware/Authenticate.php(44): Illuminate\\Pipeline\\Pipeline->Illuminate\\Pipeline\\{closure}()
#34 /home/team05/lika.teamjaketech.com/vendor/laravel/framework/src/Illuminate/Pipeline/Pipeline.php(180): Illuminate\\Auth\\Middleware\\Authenticate->handle()
#35 /home/team05/lika.teamjaketech.com/vendor/laravel/framework/src/Illuminate/Foundation/Http/Middleware/VerifyCsrfToken.php(78): Illuminate\\Pipeline\\Pipeline->Illuminate\\Pipeline\\{closure}()
#36 /home/team05/lika.teamjaketech.com/vendor/laravel/framework/src/Illuminate/Pipeline/Pipeline.php(180): Illuminate\\Foundation\\Http\\Middleware\\VerifyCsrfToken->handle()
#37 /home/team05/lika.teamjaketech.com/vendor/laravel/framework/src/Illuminate/View/Middleware/ShareErrorsFromSession.php(49): Illuminate\\Pipeline\\Pipeline->Illuminate\\Pipeline\\{closure}()
#38 /home/team05/lika.teamjaketech.com/vendor/laravel/framework/src/Illuminate/Pipeline/Pipeline.php(180): Illuminate\\View\\Middleware\\ShareErrorsFromSession->handle()
#39 /home/team05/lika.teamjaketech.com/vendor/laravel/framework/src/Illuminate/Session/Middleware/StartSession.php(121): Illuminate\\Pipeline\\Pipeline->Illuminate\\Pipeline\\{closure}()
#40 /home/team05/lika.teamjaketech.com/vendor/laravel/framework/src/Illuminate/Session/Middleware/StartSession.php(64): Illuminate\\Session\\Middleware\\StartSession->handleStatefulRequest()
#41 /home/team05/lika.teamjaketech.com/vendor/laravel/framework/src/Illuminate/Pipeline/Pipeline.php(180): Illuminate\\Session\\Middleware\\StartSession->handle()
#42 /home/team05/lika.teamjaketech.com/vendor/laravel/framework/src/Illuminate/Cookie/Middleware/AddQueuedCookiesToResponse.php(37): Illuminate\\Pipeline\\Pipeline->Illuminate\\Pipeline\\{closure}()
#43 /home/team05/lika.teamjaketech.com/vendor/laravel/framework/src/Illuminate/Pipeline/Pipeline.php(180): Illuminate\\Cookie\\Middleware\\AddQueuedCookiesToResponse->handle()
#44 /home/team05/lika.teamjaketech.com/vendor/laravel/framework/src/Illuminate/Cookie/Middleware/EncryptCookies.php(67): Illuminate\\Pipeline\\Pipeline->Illuminate\\Pipeline\\{closure}()
#45 /home/team05/lika.teamjaketech.com/vendor/laravel/framework/src/Illuminate/Pipeline/Pipeline.php(180): Illuminate\\Cookie\\Middleware\\EncryptCookies->handle()
#46 /home/team05/lika.teamjaketech.com/vendor/laravel/framework/src/Illuminate/Pipeline/Pipeline.php(116): Illuminate\\Pipeline\\Pipeline->Illuminate\\Pipeline\\{closure}()
#47 /home/team05/lika.teamjaketech.com/vendor/laravel/framework/src/Illuminate/Routing/Router.php(797): Illuminate\\Pipeline\\Pipeline->then()
#48 /home/team05/lika.teamjaketech.com/vendor/laravel/framework/src/Illuminate/Routing/Router.php(776): Illuminate\\Routing\\Router->runRouteWithinStack()
#49 /home/team05/lika.teamjaketech.com/vendor/laravel/framework/src/Illuminate/Routing/Router.php(740): Illuminate\\Routing\\Router->runRoute()
#50 /home/team05/lika.teamjaketech.com/vendor/laravel/framework/src/Illuminate/Routing/Router.php(729): Illuminate\\Routing\\Router->dispatchToRoute()
#51 /home/team05/lika.teamjaketech.com/vendor/laravel/framework/src/Illuminate/Foundation/Http/Kernel.php(190): Illuminate\\Routing\\Router->dispatch()
#52 /home/team05/lika.teamjaketech.com/vendor/laravel/framework/src/Illuminate/Pipeline/Pipeline.php(141): Illuminate\\Foundation\\Http\\Kernel->Illuminate\\Foundation\\Http\\{closure}()
#53 /home/team05/lika.teamjaketech.com/vendor/barryvdh/laravel-debugbar/src/Middleware/InjectDebugbar.php(59): Illuminate\\Pipeline\\Pipeline->Illuminate\\Pipeline\\{closure}()
#54 /home/team05/lika.teamjaketech.com/vendor/laravel/framework/src/Illuminate/Pipeline/Pipeline.php(180): Barryvdh\\Debugbar\\Middleware\\InjectDebugbar->handle()
#55 /home/team05/lika.teamjaketech.com/vendor/laravel/framework/src/Illuminate/Foundation/Http/Middleware/TransformsRequest.php(21): Illuminate\\Pipeline\\Pipeline->Illuminate\\Pipeline\\{closure}()
#56 /home/team05/lika.teamjaketech.com/vendor/laravel/framework/src/Illuminate/Foundation/Http/Middleware/ConvertEmptyStringsToNull.php(31): Illuminate\\Foundation\\Http\\Middleware\\TransformsRequest->handle()
#57 /home/team05/lika.teamjaketech.com/vendor/laravel/framework/src/Illuminate/Pipeline/Pipeline.php(180): Illuminate\\Foundation\\Http\\Middleware\\ConvertEmptyStringsToNull->handle()
#58 /home/team05/lika.teamjaketech.com/vendor/laravel/framework/src/Illuminate/Foundation/Http/Middleware/TransformsRequest.php(21): Illuminate\\Pipeline\\Pipeline->Illuminate\\Pipeline\\{closure}()
#59 /home/team05/lika.teamjaketech.com/vendor/laravel/framework/src/Illuminate/Foundation/Http/Middleware/TrimStrings.php(40): Illuminate\\Foundation\\Http\\Middleware\\TransformsRequest->handle()
#60 /home/team05/lika.teamjaketech.com/vendor/laravel/framework/src/Illuminate/Pipeline/Pipeline.php(180): Illuminate\\Foundation\\Http\\Middleware\\TrimStrings->handle()
#61 /home/team05/lika.teamjaketech.com/vendor/laravel/framework/src/Illuminate/Foundation/Http/Middleware/ValidatePostSize.php(27): Illuminate\\Pipeline\\Pipeline->Illuminate\\Pipeline\\{closure}()
#62 /home/team05/lika.teamjaketech.com/vendor/laravel/framework/src/Illuminate/Pipeline/Pipeline.php(180): Illuminate\\Foundation\\Http\\Middleware\\ValidatePostSize->handle()
#63 /home/team05/lika.teamjaketech.com/vendor/laravel/framework/src/Illuminate/Foundation/Http/Middleware/PreventRequestsDuringMaintenance.php(86): Illuminate\\Pipeline\\Pipeline->Illuminate\\Pipeline\\{closure}()
#64 /home/team05/lika.teamjaketech.com/vendor/laravel/framework/src/Illuminate/Pipeline/Pipeline.php(180): Illuminate\\Foundation\\Http\\Middleware\\PreventRequestsDuringMaintenance->handle()
#65 /home/team05/lika.teamjaketech.com/vendor/laravel/framework/src/Illuminate/Http/Middleware/HandleCors.php(49): Illuminate\\Pipeline\\Pipeline->Illuminate\\Pipeline\\{closure}()
#66 /home/team05/lika.teamjaketech.com/vendor/laravel/framework/src/Illuminate/Pipeline/Pipeline.php(180): Illuminate\\Http\\Middleware\\HandleCors->handle()
#67 /home/team05/lika.teamjaketech.com/vendor/laravel/framework/src/Illuminate/Http/Middleware/TrustProxies.php(39): Illuminate\\Pipeline\\Pipeline->Illuminate\\Pipeline\\{closure}()
#68 /home/team05/lika.teamjaketech.com/vendor/laravel/framework/src/Illuminate/Pipeline/Pipeline.php(180): Illuminate\\Http\\Middleware\\TrustProxies->handle()
#69 /home/team05/lika.teamjaketech.com/vendor/laravel/framework/src/Illuminate/Pipeline/Pipeline.php(116): Illuminate\\Pipeline\\Pipeline->Illuminate\\Pipeline\\{closure}()
#70 /home/team05/lika.teamjaketech.com/vendor/laravel/framework/src/Illuminate/Foundation/Http/Kernel.php(165): Illuminate\\Pipeline\\Pipeline->then()
#71 /home/team05/lika.teamjaketech.com/vendor/laravel/framework/src/Illuminate/Foundation/Http/Kernel.php(134): Illuminate\\Foundation\\Http\\Kernel->sendRequestThroughRouter()
#72 /home/team05/lika.teamjaketech.com/public/index.php(51): Illuminate\\Foundation\\Http\\Kernel->handle()
#73 {main}
"} 
[2026-04-17 10:05:19] local.ERROR: SQLSTATE[42S22]: Column not found: 1054 Unknown column 'accounting_acc_trans_mappings.added_by' in 'WHERE' (SQL: select count(*) as aggregate from `accounting_acc_trans_mappings` inner join `users` as `u` on `accounting_acc_trans_mappings`.`created_by` = `u`.`id` where `accounting_acc_trans_mappings`.`business_id` = 2 and `accounting_acc_trans_mappings`.`type` in (journal_entry, fixed_asset_depreciation, fixed_asset_acquisition, fixed_asset_disposal) and date(`accounting_acc_trans_mappings`.`operation_date`) >= 2026-01-01 and date(`accounting_acc_trans_mappings`.`operation_date`) <= 2026-12-31 and (LOWER(`accounting_acc_trans_mappings`.`operation_date`) LIKE %238% or LOWER(`accounting_acc_trans_mappings`.`ref_no`) LIKE %238% or LOWER(`accounting_acc_trans_mappings`.`added_by`) LIKE %238% or LOWER(`accounting_acc_trans_mappings`.`note`) LIKE %238%)) {"userId":14,"exception":"[object] (Illuminate\\Database\\QueryException(code: 42S22): SQLSTATE[42S22]: Column not found: 1054 Unknown column 'accounting_acc_trans_mappings.added_by' in 'WHERE' (SQL: select count(*) as aggregate from `accounting_acc_trans_mappings` inner join `users` as `u` on `accounting_acc_trans_mappings`.`created_by` = `u`.`id` where `accounting_acc_trans_mappings`.`business_id` = 2 and `accounting_acc_trans_mappings`.`type` in (journal_entry, fixed_asset_depreciation, fixed_asset_acquisition, fixed_asset_disposal) and date(`accounting_acc_trans_mappings`.`operation_date`) >= 2026-01-01 and date(`accounting_acc_trans_mappings`.`operation_date`) <= 2026-12-31 and (LOWER(`accounting_acc_trans_mappings`.`operation_date`) LIKE %238% or LOWER(`accounting_acc_trans_mappings`.`ref_no`) LIKE %238% or LOWER(`accounting_acc_trans_mappings`.`added_by`) LIKE %238% or LOWER(`accounting_acc_trans_mappings`.`note`) LIKE %238%)) at /home/team05/lika.teamjaketech.com/vendor/laravel/framework/src/Illuminate/Database/Connection.php:760)
[stacktrace]
#0 /home/team05/lika.teamjaketech.com/vendor/laravel/framework/src/Illuminate/Database/Connection.php(720): Illuminate\\Database\\Connection->runQueryCallback()
#1 /home/team05/lika.teamjaketech.com/vendor/laravel/framework/src/Illuminate/Database/Connection.php(405): Illuminate\\Database\\Connection->run()
#2 /home/team05/lika.teamjaketech.com/vendor/laravel/framework/src/Illuminate/Database/Query/Builder.php(2705): Illuminate\\Database\\Connection->select()
#3 /home/team05/lika.teamjaketech.com/vendor/laravel/framework/src/Illuminate/Database/Query/Builder.php(2694): Illuminate\\Database\\Query\\Builder->runSelect()
#4 /home/team05/lika.teamjaketech.com/vendor/laravel/framework/src/Illuminate/Database/Query/Builder.php(3230): Illuminate\\Database\\Query\\Builder->Illuminate\\Database\\Query\\{closure}()
#5 /home/team05/lika.teamjaketech.com/vendor/laravel/framework/src/Illuminate/Database/Query/Builder.php(2693): Illuminate\\Database\\Query\\Builder->onceWithColumns()
#6 /home/team05/lika.teamjaketech.com/vendor/laravel/framework/src/Illuminate/Database/Query/Builder.php(3157): Illuminate\\Database\\Query\\Builder->get()
#7 /home/team05/lika.teamjaketech.com/vendor/laravel/framework/src/Illuminate/Database/Query/Builder.php(3085): Illuminate\\Database\\Query\\Builder->aggregate()
#8 /home/team05/lika.teamjaketech.com/vendor/laravel/framework/src/Illuminate/Database/Eloquent/Builder.php(1869): Illuminate\\Database\\Query\\Builder->count()
#9 /home/team05/lika.teamjaketech.com/vendor/yajra/laravel-datatables-oracle/src/QueryDataTable.php(215): Illuminate\\Database\\Eloquent\\Builder->__call()
#10 /home/team05/lika.teamjaketech.com/vendor/yajra/laravel-datatables-oracle/src/QueryDataTable.php(200): Yajra\\DataTables\\QueryDataTable->count()
#11 /home/team05/lika.teamjaketech.com/vendor/yajra/laravel-datatables-oracle/src/DataTableAbstract.php(705): Yajra\\DataTables\\QueryDataTable->filteredCount()
#12 /home/team05/lika.teamjaketech.com/vendor/yajra/laravel-datatables-oracle/src/QueryDataTable.php(142): Yajra\\DataTables\\DataTableAbstract->filterRecords()
#13 /home/team05/lika.teamjaketech.com/vendor/yajra/laravel-datatables-oracle/src/QueryDataTable.php(99): Yajra\\DataTables\\QueryDataTable->prepareQuery()
#14 /home/team05/lika.teamjaketech.com/Modules/Accounting/Http/Controllers/JournalEntryController.php(114): Yajra\\DataTables\\QueryDataTable->make()
#15 /home/team05/lika.teamjaketech.com/vendor/laravel/framework/src/Illuminate/Routing/Controller.php(54): Modules\\Accounting\\Http\\Controllers\\JournalEntryController->index()
#16 /home/team05/lika.teamjaketech.com/vendor/laravel/framework/src/Illuminate/Routing/ControllerDispatcher.php(43): Illuminate\\Routing\\Controller->callAction()
#17 /home/team05/lika.teamjaketech.com/vendor/laravel/framework/src/Illuminate/Routing/Route.php(259): Illuminate\\Routing\\ControllerDispatcher->dispatch()
#18 /home/team05/lika.teamjaketech.com/vendor/laravel/framework/src/Illuminate/Routing/Route.php(205): Illuminate\\Routing\\Route->runController()
#19 /home/team05/lika.teamjaketech.com/vendor/laravel/framework/src/Illuminate/Routing/Router.php(798): Illuminate\\Routing\\Route->run()
#20 /home/team05/lika.teamjaketech.com/vendor/laravel/framework/src/Illuminate/Pipeline/Pipeline.php(141): Illuminate\\Routing\\Router->Illuminate\\Routing\\{closure}()
#21 /home/team05/lika.teamjaketech.com/app/Http/Middleware/AdminSidebarMenu.php(22): Illuminate\\Pipeline\\Pipeline->Illuminate\\Pipeline\\{closure}()
#22 /home/team05/lika.teamjaketech.com/vendor/laravel/framework/src/Illuminate/Pipeline/Pipeline.php(180): App\\Http\\Middleware\\AdminSidebarMenu->handle()
#23 /home/team05/lika.teamjaketech.com/app/Http/Middleware/Timezone.php(30): Illuminate\\Pipeline\\Pipeline->Illuminate\\Pipeline\\{closure}()
#24 /home/team05/lika.teamjaketech.com/vendor/laravel/framework/src/Illuminate/Pipeline/Pipeline.php(180): App\\Http\\Middleware\\Timezone->handle()
#25 /home/team05/lika.teamjaketech.com/app/Http/Middleware/Language.php(25): Illuminate\\Pipeline\\Pipeline->Illuminate\\Pipeline\\{closure}()
#26 /home/team05/lika.teamjaketech.com/vendor/laravel/framework/src/Illuminate/Pipeline/Pipeline.php(180): App\\Http\\Middleware\\Language->handle()
#27 /home/team05/lika.teamjaketech.com/app/Http/Middleware/SetSessionData.php(52): Illuminate\\Pipeline\\Pipeline->Illuminate\\Pipeline\\{closure}()
#28 /home/team05/lika.teamjaketech.com/vendor/laravel/framework/src/Illuminate/Pipeline/Pipeline.php(180): App\\Http\\Middleware\\SetSessionData->handle()
#29 /home/team05/lika.teamjaketech.com/vendor/laravel/framework/src/Illuminate/Routing/Middleware/SubstituteBindings.php(50): Illuminate\\Pipeline\\Pipeline->Illuminate\\Pipeline\\{closure}()
#30 /home/team05/lika.teamjaketech.com/vendor/laravel/framework/src/Illuminate/Pipeline/Pipeline.php(180): Illuminate\\Routing\\Middleware\\SubstituteBindings->handle()
#31 /home/team05/lika.teamjaketech.com/vendor/laravel/framework/src/Illuminate/Auth/Middleware/Authenticate.php(44): Illuminate\\Pipeline\\Pipeline->Illuminate\\Pipeline\\{closure}()
#32 /home/team05/lika.teamjaketech.com/vendor/laravel/framework/src/Illuminate/Pipeline/Pipeline.php(180): Illuminate\\Auth\\Middleware\\Authenticate->handle()
#33 /home/team05/lika.teamjaketech.com/vendor/laravel/framework/src/Illuminate/Foundation/Http/Middleware/VerifyCsrfToken.php(78): Illuminate\\Pipeline\\Pipeline->Illuminate\\Pipeline\\{closure}()
#34 /home/team05/lika.teamjaketech.com/vendor/laravel/framework/src/Illuminate/Pipeline/Pipeline.php(180): Illuminate\\Foundation\\Http\\Middleware\\VerifyCsrfToken->handle()
#35 /home/team05/lika.teamjaketech.com/vendor/laravel/framework/src/Illuminate/View/Middleware/ShareErrorsFromSession.php(49): Illuminate\\Pipeline\\Pipeline->Illuminate\\Pipeline\\{closure}()
#36 /home/team05/lika.teamjaketech.com/vendor/laravel/framework/src/Illuminate/Pipeline/Pipeline.php(180): Illuminate\\View\\Middleware\\ShareErrorsFromSession->handle()
#37 /home/team05/lika.teamjaketech.com/vendor/laravel/framework/src/Illuminate/Session/Middleware/StartSession.php(121): Illuminate\\Pipeline\\Pipeline->Illuminate\\Pipeline\\{closure}()
#38 /home/team05/lika.teamjaketech.com/vendor/laravel/framework/src/Illuminate/Session/Middleware/StartSession.php(64): Illuminate\\Session\\Middleware\\StartSession->handleStatefulRequest()
#39 /home/team05/lika.teamjaketech.com/vendor/laravel/framework/src/Illuminate/Pipeline/Pipeline.php(180): Illuminate\\Session\\Middleware\\StartSession->handle()
#40 /home/team05/lika.teamjaketech.com/vendor/laravel/framework/src/Illuminate/Cookie/Middleware/AddQueuedCookiesToResponse.php(37): Illuminate\\Pipeline\\Pipeline->Illuminate\\Pipeline\\{closure}()
#41 /home/team05/lika.teamjaketech.com/vendor/laravel/framework/src/Illuminate/Pipeline/Pipeline.php(180): Illuminate\\Cookie\\Middleware\\AddQueuedCookiesToResponse->handle()
#42 /home/team05/lika.teamjaketech.com/vendor/laravel/framework/src/Illuminate/Cookie/Middleware/EncryptCookies.php(67): Illuminate\\Pipeline\\Pipeline->Illuminate\\Pipeline\\{closure}()
#43 /home/team05/lika.teamjaketech.com/vendor/laravel/framework/src/Illuminate/Pipeline/Pipeline.php(180): Illuminate\\Cookie\\Middleware\\EncryptCookies->handle()
#44 /home/team05/lika.teamjaketech.com/vendor/laravel/framework/src/Illuminate/Pipeline/Pipeline.php(116): Illuminate\\Pipeline\\Pipeline->Illuminate\\Pipeline\\{closure}()
#45 /home/team05/lika.teamjaketech.com/vendor/laravel/framework/src/Illuminate/Routing/Router.php(797): Illuminate\\Pipeline\\Pipeline->then()
#46 /home/team05/lika.teamjaketech.com/vendor/laravel/framework/src/Illuminate/Routing/Router.php(776): Illuminate\\Routing\\Router->runRouteWithinStack()
#47 /home/team05/lika.teamjaketech.com/vendor/laravel/framework/src/Illuminate/Routing/Router.php(740): Illuminate\\Routing\\Router->runRoute()
#48 /home/team05/lika.teamjaketech.com/vendor/laravel/framework/src/Illuminate/Routing/Router.php(729): Illuminate\\Routing\\Router->dispatchToRoute()
#49 /home/team05/lika.teamjaketech.com/vendor/laravel/framework/src/Illuminate/Foundation/Http/Kernel.php(190): Illuminate\\Routing\\Router->dispatch()
#50 /home/team05/lika.teamjaketech.com/vendor/laravel/framework/src/Illuminate/Pipeline/Pipeline.php(141): Illuminate\\Foundation\\Http\\Kernel->Illuminate\\Foundation\\Http\\{closure}()
#51 /home/team05/lika.teamjaketech.com/vendor/barryvdh/laravel-debugbar/src/Middleware/InjectDebugbar.php(59): Illuminate\\Pipeline\\Pipeline->Illuminate\\Pipeline\\{closure}()
#52 /home/team05/lika.teamjaketech.com/vendor/laravel/framework/src/Illuminate/Pipeline/Pipeline.php(180): Barryvdh\\Debugbar\\Middleware\\InjectDebugbar->handle()
#53 /home/team05/lika.teamjaketech.com/vendor/laravel/framework/src/Illuminate/Foundation/Http/Middleware/TransformsRequest.php(21): Illuminate\\Pipeline\\Pipeline->Illuminate\\Pipeline\\{closure}()
#54 /home/team05/lika.teamjaketech.com/vendor/laravel/framework/src/Illuminate/Foundation/Http/Middleware/ConvertEmptyStringsToNull.php(31): Illuminate\\Foundation\\Http\\Middleware\\TransformsRequest->handle()
#55 /home/team05/lika.teamjaketech.com/vendor/laravel/framework/src/Illuminate/Pipeline/Pipeline.php(180): Illuminate\\Foundation\\Http\\Middleware\\ConvertEmptyStringsToNull->handle()
#56 /home/team05/lika.teamjaketech.com/vendor/laravel/framework/src/Illuminate/Foundation/Http/Middleware/TransformsRequest.php(21): Illuminate\\Pipeline\\Pipeline->Illuminate\\Pipeline\\{closure}()
#57 /home/team05/lika.teamjaketech.com/vendor/laravel/framework/src/Illuminate/Foundation/Http/Middleware/TrimStrings.php(40): Illuminate\\Foundation\\Http\\Middleware\\TransformsRequest->handle()
#58 /home/team05/lika.teamjaketech.com/vendor/laravel/framework/src/Illuminate/Pipeline/Pipeline.php(180): Illuminate\\Foundation\\Http\\Middleware\\TrimStrings->handle()
#59 /home/team05/lika.teamjaketech.com/vendor/laravel/framework/src/Illuminate/Foundation/Http/Middleware/ValidatePostSize.php(27): Illuminate\\Pipeline\\Pipeline->Illuminate\\Pipeline\\{closure}()
#60 /home/team05/lika.teamjaketech.com/vendor/laravel/framework/src/Illuminate/Pipeline/Pipeline.php(180): Illuminate\\Foundation\\Http\\Middleware\\ValidatePostSize->handle()
#61 /home/team05/lika.teamjaketech.com/vendor/laravel/framework/src/Illuminate/Foundation/Http/Middleware/PreventRequestsDuringMaintenance.php(86): Illuminate\\Pipeline\\Pipeline->Illuminate\\Pipeline\\{closure}()
#62 /home/team05/lika.teamjaketech.com/vendor/laravel/framework/src/Illuminate/Pipeline/Pipeline.php(180): Illuminate\\Foundation\\Http\\Middleware\\PreventRequestsDuringMaintenance->handle()
#63 /home/team05/lika.teamjaketech.com/vendor/laravel/framework/src/Illuminate/Http/Middleware/HandleCors.php(49): Illuminate\\Pipeline\\Pipeline->Illuminate\\Pipeline\\{closure}()
#64 /home/team05/lika.teamjaketech.com/vendor/laravel/framework/src/Illuminate/Pipeline/Pipeline.php(180): Illuminate\\Http\\Middleware\\HandleCors->handle()
#65 /home/team05/lika.teamjaketech.com/vendor/laravel/framework/src/Illuminate/Http/Middleware/TrustProxies.php(39): Illuminate\\Pipeline\\Pipeline->Illuminate\\Pipeline\\{closure}()
#66 /home/team05/lika.teamjaketech.com/vendor/laravel/framework/src/Illuminate/Pipeline/Pipeline.php(180): Illuminate\\Http\\Middleware\\TrustProxies->handle()
#67 /home/team05/lika.teamjaketech.com/vendor/laravel/framework/src/Illuminate/Pipeline/Pipeline.php(116): Illuminate\\Pipeline\\Pipeline->Illuminate\\Pipeline\\{closure}()
#68 /home/team05/lika.teamjaketech.com/vendor/laravel/framework/src/Illuminate/Foundation/Http/Kernel.php(165): Illuminate\\Pipeline\\Pipeline->then()
#69 /home/team05/lika.teamjaketech.com/vendor/laravel/framework/src/Illuminate/Foundation/Http/Kernel.php(134): Illuminate\\Foundation\\Http\\Kernel->sendRequestThroughRouter()
#70 /home/team05/lika.teamjaketech.com/public/index.php(51): Illuminate\\Foundation\\Http\\Kernel->handle()
#71 {main}

[previous exception] [object] (PDOException(code: 42S22): SQLSTATE[42S22]: Column not found: 1054 Unknown column 'accounting_acc_trans_mappings.added_by' in 'WHERE' at /home/team05/lika.teamjaketech.com/vendor/laravel/framework/src/Illuminate/Database/Connection.php:414)
[stacktrace]
#0 /home/team05/lika.teamjaketech.com/vendor/laravel/framework/src/Illuminate/Database/Connection.php(414): PDO->prepare()
#1 /home/team05/lika.teamjaketech.com/vendor/laravel/framework/src/Illuminate/Database/Connection.php(753): Illuminate\\Database\\Connection->Illuminate\\Database\\{closure}()
#2 /home/team05/lika.teamjaketech.com/vendor/laravel/framework/src/Illuminate/Database/Connection.php(720): Illuminate\\Database\\Connection->runQueryCallback()
#3 /home/team05/lika.teamjaketech.com/vendor/laravel/framework/src/Illuminate/Database/Connection.php(405): Illuminate\\Database\\Connection->run()
#4 /home/team05/lika.teamjaketech.com/vendor/laravel/framework/src/Illuminate/Database/Query/Builder.php(2705): Illuminate\\Database\\Connection->select()
#5 /home/team05/lika.teamjaketech.com/vendor/laravel/framework/src/Illuminate/Database/Query/Builder.php(2694): Illuminate\\Database\\Query\\Builder->runSelect()
#6 /home/team05/lika.teamjaketech.com/vendor/laravel/framework/src/Illuminate/Database/Query/Builder.php(3230): Illuminate\\Database\\Query\\Builder->Illuminate\\Database\\Query\\{closure}()
#7 /home/team05/lika.teamjaketech.com/vendor/laravel/framework/src/Illuminate/Database/Query/Builder.php(2693): Illuminate\\Database\\Query\\Builder->onceWithColumns()
#8 /home/team05/lika.teamjaketech.com/vendor/laravel/framework/src/Illuminate/Database/Query/Builder.php(3157): Illuminate\\Database\\Query\\Builder->get()
#9 /home/team05/lika.teamjaketech.com/vendor/laravel/framework/src/Illuminate/Database/Query/Builder.php(3085): Illuminate\\Database\\Query\\Builder->aggregate()
#10 /home/team05/lika.teamjaketech.com/vendor/laravel/framework/src/Illuminate/Database/Eloquent/Builder.php(1869): Illuminate\\Database\\Query\\Builder->count()
#11 /home/team05/lika.teamjaketech.com/vendor/yajra/laravel-datatables-oracle/src/QueryDataTable.php(215): Illuminate\\Database\\Eloquent\\Builder->__call()
#12 /home/team05/lika.teamjaketech.com/vendor/yajra/laravel-datatables-oracle/src/QueryDataTable.php(200): Yajra\\DataTables\\QueryDataTable->count()
#13 /home/team05/lika.teamjaketech.com/vendor/yajra/laravel-datatables-oracle/src/DataTableAbstract.php(705): Yajra\\DataTables\\QueryDataTable->filteredCount()
#14 /home/team05/lika.teamjaketech.com/vendor/yajra/laravel-datatables-oracle/src/QueryDataTable.php(142): Yajra\\DataTables\\DataTableAbstract->filterRecords()
#15 /home/team05/lika.teamjaketech.com/vendor/yajra/laravel-datatables-oracle/src/QueryDataTable.php(99): Yajra\\DataTables\\QueryDataTable->prepareQuery()
#16 /home/team05/lika.teamjaketech.com/Modules/Accounting/Http/Controllers/JournalEntryController.php(114): Yajra\\DataTables\\QueryDataTable->make()
#17 /home/team05/lika.teamjaketech.com/vendor/laravel/framework/src/Illuminate/Routing/Controller.php(54): Modules\\Accounting\\Http\\Controllers\\JournalEntryController->index()
#18 /home/team05/lika.teamjaketech.com/vendor/laravel/framework/src/Illuminate/Routing/ControllerDispatcher.php(43): Illuminate\\Routing\\Controller->callAction()
#19 /home/team05/lika.teamjaketech.com/vendor/laravel/framework/src/Illuminate/Routing/Route.php(259): Illuminate\\Routing\\ControllerDispatcher->dispatch()
#20 /home/team05/lika.teamjaketech.com/vendor/laravel/framework/src/Illuminate/Routing/Route.php(205): Illuminate\\Routing\\Route->runController()
#21 /home/team05/lika.teamjaketech.com/vendor/laravel/framework/src/Illuminate/Routing/Router.php(798): Illuminate\\Routing\\Route->run()
#22 /home/team05/lika.teamjaketech.com/vendor/laravel/framework/src/Illuminate/Pipeline/Pipeline.php(141): Illuminate\\Routing\\Router->Illuminate\\Routing\\{closure}()
#23 /home/team05/lika.teamjaketech.com/app/Http/Middleware/AdminSidebarMenu.php(22): Illuminate\\Pipeline\\Pipeline->Illuminate\\Pipeline\\{closure}()
#24 /home/team05/lika.teamjaketech.com/vendor/laravel/framework/src/Illuminate/Pipeline/Pipeline.php(180): App\\Http\\Middleware\\AdminSidebarMenu->handle()
#25 /home/team05/lika.teamjaketech.com/app/Http/Middleware/Timezone.php(30): Illuminate\\Pipeline\\Pipeline->Illuminate\\Pipeline\\{closure}()
#26 /home/team05/lika.teamjaketech.com/vendor/laravel/framework/src/Illuminate/Pipeline/Pipeline.php(180): App\\Http\\Middleware\\Timezone->handle()
#27 /home/team05/lika.teamjaketech.com/app/Http/Middleware/Language.php(25): Illuminate\\Pipeline\\Pipeline->Illuminate\\Pipeline\\{closure}()
#28 /home/team05/lika.teamjaketech.com/vendor/laravel/framework/src/Illuminate/Pipeline/Pipeline.php(180): App\\Http\\Middleware\\Language->handle()
#29 /home/team05/lika.teamjaketech.com/app/Http/Middleware/SetSessionData.php(52): Illuminate\\Pipeline\\Pipeline->Illuminate\\Pipeline\\{closure}()
#30 /home/team05/lika.teamjaketech.com/vendor/laravel/framework/src/Illuminate/Pipeline/Pipeline.php(180): App\\Http\\Middleware\\SetSessionData->handle()
#31 /home/team05/lika.teamjaketech.com/vendor/laravel/framework/src/Illuminate/Routing/Middleware/SubstituteBindings.php(50): Illuminate\\Pipeline\\Pipeline->Illuminate\\Pipeline\\{closure}()
#32 /home/team05/lika.teamjaketech.com/vendor/laravel/framework/src/Illuminate/Pipeline/Pipeline.php(180): Illuminate\\Routing\\Middleware\\SubstituteBindings->handle()
#33 /home/team05/lika.teamjaketech.com/vendor/laravel/framework/src/Illuminate/Auth/Middleware/Authenticate.php(44): Illuminate\\Pipeline\\Pipeline->Illuminate\\Pipeline\\{closure}()
#34 /home/team05/lika.teamjaketech.com/vendor/laravel/framework/src/Illuminate/Pipeline/Pipeline.php(180): Illuminate\\Auth\\Middleware\\Authenticate->handle()
#35 /home/team05/lika.teamjaketech.com/vendor/laravel/framework/src/Illuminate/Foundation/Http/Middleware/VerifyCsrfToken.php(78): Illuminate\\Pipeline\\Pipeline->Illuminate\\Pipeline\\{closure}()
#36 /home/team05/lika.teamjaketech.com/vendor/laravel/framework/src/Illuminate/Pipeline/Pipeline.php(180): Illuminate\\Foundation\\Http\\Middleware\\VerifyCsrfToken->handle()
#37 /home/team05/lika.teamjaketech.com/vendor/laravel/framework/src/Illuminate/View/Middleware/ShareErrorsFromSession.php(49): Illuminate\\Pipeline\\Pipeline->Illuminate\\Pipeline\\{closure}()
#38 /home/team05/lika.teamjaketech.com/vendor/laravel/framework/src/Illuminate/Pipeline/Pipeline.php(180): Illuminate\\View\\Middleware\\ShareErrorsFromSession->handle()
#39 /home/team05/lika.teamjaketech.com/vendor/laravel/framework/src/Illuminate/Session/Middleware/StartSession.php(121): Illuminate\\Pipeline\\Pipeline->Illuminate\\Pipeline\\{closure}()
#40 /home/team05/lika.teamjaketech.com/vendor/laravel/framework/src/Illuminate/Session/Middleware/StartSession.php(64): Illuminate\\Session\\Middleware\\StartSession->handleStatefulRequest()
#41 /home/team05/lika.teamjaketech.com/vendor/laravel/framework/src/Illuminate/Pipeline/Pipeline.php(180): Illuminate\\Session\\Middleware\\StartSession->handle()
#42 /home/team05/lika.teamjaketech.com/vendor/laravel/framework/src/Illuminate/Cookie/Middleware/AddQueuedCookiesToResponse.php(37): Illuminate\\Pipeline\\Pipeline->Illuminate\\Pipeline\\{closure}()
#43 /home/team05/lika.teamjaketech.com/vendor/laravel/framework/src/Illuminate/Pipeline/Pipeline.php(180): Illuminate\\Cookie\\Middleware\\AddQueuedCookiesToResponse->handle()
#44 /home/team05/lika.teamjaketech.com/vendor/laravel/framework/src/Illuminate/Cookie/Middleware/EncryptCookies.php(67): Illuminate\\Pipeline\\Pipeline->Illuminate\\Pipeline\\{closure}()
#45 /home/team05/lika.teamjaketech.com/vendor/laravel/framework/src/Illuminate/Pipeline/Pipeline.php(180): Illuminate\\Cookie\\Middleware\\EncryptCookies->handle()
#46 /home/team05/lika.teamjaketech.com/vendor/laravel/framework/src/Illuminate/Pipeline/Pipeline.php(116): Illuminate\\Pipeline\\Pipeline->Illuminate\\Pipeline\\{closure}()
#47 /home/team05/lika.teamjaketech.com/vendor/laravel/framework/src/Illuminate/Routing/Router.php(797): Illuminate\\Pipeline\\Pipeline->then()
#48 /home/team05/lika.teamjaketech.com/vendor/laravel/framework/src/Illuminate/Routing/Router.php(776): Illuminate\\Routing\\Router->runRouteWithinStack()
#49 /home/team05/lika.teamjaketech.com/vendor/laravel/framework/src/Illuminate/Routing/Router.php(740): Illuminate\\Routing\\Router->runRoute()
#50 /home/team05/lika.teamjaketech.com/vendor/laravel/framework/src/Illuminate/Routing/Router.php(729): Illuminate\\Routing\\Router->dispatchToRoute()
#51 /home/team05/lika.teamjaketech.com/vendor/laravel/framework/src/Illuminate/Foundation/Http/Kernel.php(190): Illuminate\\Routing\\Router->dispatch()
#52 /home/team05/lika.teamjaketech.com/vendor/laravel/framework/src/Illuminate/Pipeline/Pipeline.php(141): Illuminate\\Foundation\\Http\\Kernel->Illuminate\\Foundation\\Http\\{closure}()
#53 /home/team05/lika.teamjaketech.com/vendor/barryvdh/laravel-debugbar/src/Middleware/InjectDebugbar.php(59): Illuminate\\Pipeline\\Pipeline->Illuminate\\Pipeline\\{closure}()
#54 /home/team05/lika.teamjaketech.com/vendor/laravel/framework/src/Illuminate/Pipeline/Pipeline.php(180): Barryvdh\\Debugbar\\Middleware\\InjectDebugbar->handle()
#55 /home/team05/lika.teamjaketech.com/vendor/laravel/framework/src/Illuminate/Foundation/Http/Middleware/TransformsRequest.php(21): Illuminate\\Pipeline\\Pipeline->Illuminate\\Pipeline\\{closure}()
#56 /home/team05/lika.teamjaketech.com/vendor/laravel/framework/src/Illuminate/Foundation/Http/Middleware/ConvertEmptyStringsToNull.php(31): Illuminate\\Foundation\\Http\\Middleware\\TransformsRequest->handle()
#57 /home/team05/lika.teamjaketech.com/vendor/laravel/framework/src/Illuminate/Pipeline/Pipeline.php(180): Illuminate\\Foundation\\Http\\Middleware\\ConvertEmptyStringsToNull->handle()
#58 /home/team05/lika.teamjaketech.com/vendor/laravel/framework/src/Illuminate/Foundation/Http/Middleware/TransformsRequest.php(21): Illuminate\\Pipeline\\Pipeline->Illuminate\\Pipeline\\{closure}()
#59 /home/team05/lika.teamjaketech.com/vendor/laravel/framework/src/Illuminate/Foundation/Http/Middleware/TrimStrings.php(40): Illuminate\\Foundation\\Http\\Middleware\\TransformsRequest->handle()
#60 /home/team05/lika.teamjaketech.com/vendor/laravel/framework/src/Illuminate/Pipeline/Pipeline.php(180): Illuminate\\Foundation\\Http\\Middleware\\TrimStrings->handle()
#61 /home/team05/lika.teamjaketech.com/vendor/laravel/framework/src/Illuminate/Foundation/Http/Middleware/ValidatePostSize.php(27): Illuminate\\Pipeline\\Pipeline->Illuminate\\Pipeline\\{closure}()
#62 /home/team05/lika.teamjaketech.com/vendor/laravel/framework/src/Illuminate/Pipeline/Pipeline.php(180): Illuminate\\Foundation\\Http\\Middleware\\ValidatePostSize->handle()
#63 /home/team05/lika.teamjaketech.com/vendor/laravel/framework/src/Illuminate/Foundation/Http/Middleware/PreventRequestsDuringMaintenance.php(86): Illuminate\\Pipeline\\Pipeline->Illuminate\\Pipeline\\{closure}()
#64 /home/team05/lika.teamjaketech.com/vendor/laravel/framework/src/Illuminate/Pipeline/Pipeline.php(180): Illuminate\\Foundation\\Http\\Middleware\\PreventRequestsDuringMaintenance->handle()
#65 /home/team05/lika.teamjaketech.com/vendor/laravel/framework/src/Illuminate/Http/Middleware/HandleCors.php(49): Illuminate\\Pipeline\\Pipeline->Illuminate\\Pipeline\\{closure}()
#66 /home/team05/lika.teamjaketech.com/vendor/laravel/framework/src/Illuminate/Pipeline/Pipeline.php(180): Illuminate\\Http\\Middleware\\HandleCors->handle()
#67 /home/team05/lika.teamjaketech.com/vendor/laravel/framework/src/Illuminate/Http/Middleware/TrustProxies.php(39): Illuminate\\Pipeline\\Pipeline->Illuminate\\Pipeline\\{closure}()
#68 /home/team05/lika.teamjaketech.com/vendor/laravel/framework/src/Illuminate/Pipeline/Pipeline.php(180): Illuminate\\Http\\Middleware\\TrustProxies->handle()
#69 /home/team05/lika.teamjaketech.com/vendor/laravel/framework/src/Illuminate/Pipeline/Pipeline.php(116): Illuminate\\Pipeline\\Pipeline->Illuminate\\Pipeline\\{closure}()
#70 /home/team05/lika.teamjaketech.com/vendor/laravel/framework/src/Illuminate/Foundation/Http/Kernel.php(165): Illuminate\\Pipeline\\Pipeline->then()
#71 /home/team05/lika.teamjaketech.com/vendor/laravel/framework/src/Illuminate/Foundation/Http/Kernel.php(134): Illuminate\\Foundation\\Http\\Kernel->sendRequestThroughRouter()
#72 /home/team05/lika.teamjaketech.com/public/index.php(51): Illuminate\\Foundation\\Http\\Kernel->handle()
#73 {main}
"} 
[2026-04-17 10:05:22] local.ERROR: SQLSTATE[42S22]: Column not found: 1054 Unknown column 'accounting_acc_trans_mappings.added_by' in 'WHERE' (SQL: select count(*) as aggregate from `accounting_acc_trans_mappings` inner join `users` as `u` on `accounting_acc_trans_mappings`.`created_by` = `u`.`id` where `accounting_acc_trans_mappings`.`business_id` = 2 and `accounting_acc_trans_mappings`.`type` in (journal_entry, fixed_asset_depreciation, fixed_asset_acquisition, fixed_asset_disposal) and date(`accounting_acc_trans_mappings`.`operation_date`) >= 2026-01-01 and date(`accounting_acc_trans_mappings`.`operation_date`) <= 2026-12-31 and (LOWER(`accounting_acc_trans_mappings`.`operation_date`) LIKE %23% or LOWER(`accounting_acc_trans_mappings`.`ref_no`) LIKE %23% or LOWER(`accounting_acc_trans_mappings`.`added_by`) LIKE %23% or LOWER(`accounting_acc_trans_mappings`.`note`) LIKE %23%)) {"userId":14,"exception":"[object] (Illuminate\\Database\\QueryException(code: 42S22): SQLSTATE[42S22]: Column not found: 1054 Unknown column 'accounting_acc_trans_mappings.added_by' in 'WHERE' (SQL: select count(*) as aggregate from `accounting_acc_trans_mappings` inner join `users` as `u` on `accounting_acc_trans_mappings`.`created_by` = `u`.`id` where `accounting_acc_trans_mappings`.`business_id` = 2 and `accounting_acc_trans_mappings`.`type` in (journal_entry, fixed_asset_depreciation, fixed_asset_acquisition, fixed_asset_disposal) and date(`accounting_acc_trans_mappings`.`operation_date`) >= 2026-01-01 and date(`accounting_acc_trans_mappings`.`operation_date`) <= 2026-12-31 and (LOWER(`accounting_acc_trans_mappings`.`operation_date`) LIKE %23% or LOWER(`accounting_acc_trans_mappings`.`ref_no`) LIKE %23% or LOWER(`accounting_acc_trans_mappings`.`added_by`) LIKE %23% or LOWER(`accounting_acc_trans_mappings`.`note`) LIKE %23%)) at /home/team05/lika.teamjaketech.com/vendor/laravel/framework/src/Illuminate/Database/Connection.php:760)
[stacktrace]
#0 /home/team05/lika.teamjaketech.com/vendor/laravel/framework/src/Illuminate/Database/Connection.php(720): Illuminate\\Database\\Connection->runQueryCallback()
#1 /home/team05/lika.teamjaketech.com/vendor/laravel/framework/src/Illuminate/Database/Connection.php(405): Illuminate\\Database\\Connection->run()
#2 /home/team05/lika.teamjaketech.com/vendor/laravel/framework/src/Illuminate/Database/Query/Builder.php(2705): Illuminate\\Database\\Connection->select()
#3 /home/team05/lika.teamjaketech.com/vendor/laravel/framework/src/Illuminate/Database/Query/Builder.php(2694): Illuminate\\Database\\Query\\Builder->runSelect()
#4 /home/team05/lika.teamjaketech.com/vendor/laravel/framework/src/Illuminate/Database/Query/Builder.php(3230): Illuminate\\Database\\Query\\Builder->Illuminate\\Database\\Query\\{closure}()
#5 /home/team05/lika.teamjaketech.com/vendor/laravel/framework/src/Illuminate/Database/Query/Builder.php(2693): Illuminate\\Database\\Query\\Builder->onceWithColumns()
#6 /home/team05/lika.teamjaketech.com/vendor/laravel/framework/src/Illuminate/Database/Query/Builder.php(3157): Illuminate\\Database\\Query\\Builder->get()
#7 /home/team05/lika.teamjaketech.com/vendor/laravel/framework/src/Illuminate/Database/Query/Builder.php(3085): Illuminate\\Database\\Query\\Builder->aggregate()
#8 /home/team05/lika.teamjaketech.com/vendor/laravel/framework/src/Illuminate/Database/Eloquent/Builder.php(1869): Illuminate\\Database\\Query\\Builder->count()
#9 /home/team05/lika.teamjaketech.com/vendor/yajra/laravel-datatables-oracle/src/QueryDataTable.php(215): Illuminate\\Database\\Eloquent\\Builder->__call()
#10 /home/team05/lika.teamjaketech.com/vendor/yajra/laravel-datatables-oracle/src/QueryDataTable.php(200): Yajra\\DataTables\\QueryDataTable->count()
#11 /home/team05/lika.teamjaketech.com/vendor/yajra/laravel-datatables-oracle/src/DataTableAbstract.php(705): Yajra\\DataTables\\QueryDataTable->filteredCount()
#12 /home/team05/lika.teamjaketech.com/vendor/yajra/laravel-datatables-oracle/src/QueryDataTable.php(142): Yajra\\DataTables\\DataTableAbstract->filterRecords()
#13 /home/team05/lika.teamjaketech.com/vendor/yajra/laravel-datatables-oracle/src/QueryDataTable.php(99): Yajra\\DataTables\\QueryDataTable->prepareQuery()
#14 /home/team05/lika.teamjaketech.com/Modules/Accounting/Http/Controllers/JournalEntryController.php(114): Yajra\\DataTables\\QueryDataTable->make()
#15 /home/team05/lika.teamjaketech.com/vendor/laravel/framework/src/Illuminate/Routing/Controller.php(54): Modules\\Accounting\\Http\\Controllers\\JournalEntryController->index()
#16 /home/team05/lika.teamjaketech.com/vendor/laravel/framework/src/Illuminate/Routing/ControllerDispatcher.php(43): Illuminate\\Routing\\Controller->callAction()
#17 /home/team05/lika.teamjaketech.com/vendor/laravel/framework/src/Illuminate/Routing/Route.php(259): Illuminate\\Routing\\ControllerDispatcher->dispatch()
#18 /home/team05/lika.teamjaketech.com/vendor/laravel/framework/src/Illuminate/Routing/Route.php(205): Illuminate\\Routing\\Route->runController()
#19 /home/team05/lika.teamjaketech.com/vendor/laravel/framework/src/Illuminate/Routing/Router.php(798): Illuminate\\Routing\\Route->run()
#20 /home/team05/lika.teamjaketech.com/vendor/laravel/framework/src/Illuminate/Pipeline/Pipeline.php(141): Illuminate\\Routing\\Router->Illuminate\\Routing\\{closure}()
#21 /home/team05/lika.teamjaketech.com/app/Http/Middleware/AdminSidebarMenu.php(22): Illuminate\\Pipeline\\Pipeline->Illuminate\\Pipeline\\{closure}()
#22 /home/team05/lika.teamjaketech.com/vendor/laravel/framework/src/Illuminate/Pipeline/Pipeline.php(180): App\\Http\\Middleware\\AdminSidebarMenu->handle()
#23 /home/team05/lika.teamjaketech.com/app/Http/Middleware/Timezone.php(30): Illuminate\\Pipeline\\Pipeline->Illuminate\\Pipeline\\{closure}()
#24 /home/team05/lika.teamjaketech.com/vendor/laravel/framework/src/Illuminate/Pipeline/Pipeline.php(180): App\\Http\\Middleware\\Timezone->handle()
#25 /home/team05/lika.teamjaketech.com/app/Http/Middleware/Language.php(25): Illuminate\\Pipeline\\Pipeline->Illuminate\\Pipeline\\{closure}()
#26 /home/team05/lika.teamjaketech.com/vendor/laravel/framework/src/Illuminate/Pipeline/Pipeline.php(180): App\\Http\\Middleware\\Language->handle()
#27 /home/team05/lika.teamjaketech.com/app/Http/Middleware/SetSessionData.php(52): Illuminate\\Pipeline\\Pipeline->Illuminate\\Pipeline\\{closure}()
#28 /home/team05/lika.teamjaketech.com/vendor/laravel/framework/src/Illuminate/Pipeline/Pipeline.php(180): App\\Http\\Middleware\\SetSessionData->handle()
#29 /home/team05/lika.teamjaketech.com/vendor/laravel/framework/src/Illuminate/Routing/Middleware/SubstituteBindings.php(50): Illuminate\\Pipeline\\Pipeline->Illuminate\\Pipeline\\{closure}()
#30 /home/team05/lika.teamjaketech.com/vendor/laravel/framework/src/Illuminate/Pipeline/Pipeline.php(180): Illuminate\\Routing\\Middleware\\SubstituteBindings->handle()
#31 /home/team05/lika.teamjaketech.com/vendor/laravel/framework/src/Illuminate/Auth/Middleware/Authenticate.php(44): Illuminate\\Pipeline\\Pipeline->Illuminate\\Pipeline\\{closure}()
#32 /home/team05/lika.teamjaketech.com/vendor/laravel/framework/src/Illuminate/Pipeline/Pipeline.php(180): Illuminate\\Auth\\Middleware\\Authenticate->handle()
#33 /home/team05/lika.teamjaketech.com/vendor/laravel/framework/src/Illuminate/Foundation/Http/Middleware/VerifyCsrfToken.php(78): Illuminate\\Pipeline\\Pipeline->Illuminate\\Pipeline\\{closure}()
#34 /home/team05/lika.teamjaketech.com/vendor/laravel/framework/src/Illuminate/Pipeline/Pipeline.php(180): Illuminate\\Foundation\\Http\\Middleware\\VerifyCsrfToken->handle()
#35 /home/team05/lika.teamjaketech.com/vendor/laravel/framework/src/Illuminate/View/Middleware/ShareErrorsFromSession.php(49): Illuminate\\Pipeline\\Pipeline->Illuminate\\Pipeline\\{closure}()
#36 /home/team05/lika.teamjaketech.com/vendor/laravel/framework/src/Illuminate/Pipeline/Pipeline.php(180): Illuminate\\View\\Middleware\\ShareErrorsFromSession->handle()
#37 /home/team05/lika.teamjaketech.com/vendor/laravel/framework/src/Illuminate/Session/Middleware/StartSession.php(121): Illuminate\\Pipeline\\Pipeline->Illuminate\\Pipeline\\{closure}()
#38 /home/team05/lika.teamjaketech.com/vendor/laravel/framework/src/Illuminate/Session/Middleware/StartSession.php(64): Illuminate\\Session\\Middleware\\StartSession->handleStatefulRequest()
#39 /home/team05/lika.teamjaketech.com/vendor/laravel/framework/src/Illuminate/Pipeline/Pipeline.php(180): Illuminate\\Session\\Middleware\\StartSession->handle()
#40 /home/team05/lika.teamjaketech.com/vendor/laravel/framework/src/Illuminate/Cookie/Middleware/AddQueuedCookiesToResponse.php(37): Illuminate\\Pipeline\\Pipeline->Illuminate\\Pipeline\\{closure}()
#41 /home/team05/lika.teamjaketech.com/vendor/laravel/framework/src/Illuminate/Pipeline/Pipeline.php(180): Illuminate\\Cookie\\Middleware\\AddQueuedCookiesToResponse->handle()
#42 /home/team05/lika.teamjaketech.com/vendor/laravel/framework/src/Illuminate/Cookie/Middleware/EncryptCookies.php(67): Illuminate\\Pipeline\\Pipeline->Illuminate\\Pipeline\\{closure}()
#43 /home/team05/lika.teamjaketech.com/vendor/laravel/framework/src/Illuminate/Pipeline/Pipeline.php(180): Illuminate\\Cookie\\Middleware\\EncryptCookies->handle()
#44 /home/team05/lika.teamjaketech.com/vendor/laravel/framework/src/Illuminate/Pipeline/Pipeline.php(116): Illuminate\\Pipeline\\Pipeline->Illuminate\\Pipeline\\{closure}()
#45 /home/team05/lika.teamjaketech.com/vendor/laravel/framework/src/Illuminate/Routing/Router.php(797): Illuminate\\Pipeline\\Pipeline->then()
#46 /home/team05/lika.teamjaketech.com/vendor/laravel/framework/src/Illuminate/Routing/Router.php(776): Illuminate\\Routing\\Router->runRouteWithinStack()
#47 /home/team05/lika.teamjaketech.com/vendor/laravel/framework/src/Illuminate/Routing/Router.php(740): Illuminate\\Routing\\Router->runRoute()
#48 /home/team05/lika.teamjaketech.com/vendor/laravel/framework/src/Illuminate/Routing/Router.php(729): Illuminate\\Routing\\Router->dispatchToRoute()
#49 /home/team05/lika.teamjaketech.com/vendor/laravel/framework/src/Illuminate/Foundation/Http/Kernel.php(190): Illuminate\\Routing\\Router->dispatch()
#50 /home/team05/lika.teamjaketech.com/vendor/laravel/framework/src/Illuminate/Pipeline/Pipeline.php(141): Illuminate\\Foundation\\Http\\Kernel->Illuminate\\Foundation\\Http\\{closure}()
#51 /home/team05/lika.teamjaketech.com/vendor/barryvdh/laravel-debugbar/src/Middleware/InjectDebugbar.php(59): Illuminate\\Pipeline\\Pipeline->Illuminate\\Pipeline\\{closure}()
#52 /home/team05/lika.teamjaketech.com/vendor/laravel/framework/src/Illuminate/Pipeline/Pipeline.php(180): Barryvdh\\Debugbar\\Middleware\\InjectDebugbar->handle()
#53 /home/team05/lika.teamjaketech.com/vendor/laravel/framework/src/Illuminate/Foundation/Http/Middleware/TransformsRequest.php(21): Illuminate\\Pipeline\\Pipeline->Illuminate\\Pipeline\\{closure}()
#54 /home/team05/lika.teamjaketech.com/vendor/laravel/framework/src/Illuminate/Foundation/Http/Middleware/ConvertEmptyStringsToNull.php(31): Illuminate\\Foundation\\Http\\Middleware\\TransformsRequest->handle()
#55 /home/team05/lika.teamjaketech.com/vendor/laravel/framework/src/Illuminate/Pipeline/Pipeline.php(180): Illuminate\\Foundation\\Http\\Middleware\\ConvertEmptyStringsToNull->handle()
#56 /home/team05/lika.teamjaketech.com/vendor/laravel/framework/src/Illuminate/Foundation/Http/Middleware/TransformsRequest.php(21): Illuminate\\Pipeline\\Pipeline->Illuminate\\Pipeline\\{closure}()
#57 /home/team05/lika.teamjaketech.com/vendor/laravel/framework/src/Illuminate/Foundation/Http/Middleware/TrimStrings.php(40): Illuminate\\Foundation\\Http\\Middleware\\TransformsRequest->handle()
#58 /home/team05/lika.teamjaketech.com/vendor/laravel/framework/src/Illuminate/Pipeline/Pipeline.php(180): Illuminate\\Foundation\\Http\\Middleware\\TrimStrings->handle()
#59 /home/team05/lika.teamjaketech.com/vendor/laravel/framework/src/Illuminate/Foundation/Http/Middleware/ValidatePostSize.php(27): Illuminate\\Pipeline\\Pipeline->Illuminate\\Pipeline\\{closure}()
#60 /home/team05/lika.teamjaketech.com/vendor/laravel/framework/src/Illuminate/Pipeline/Pipeline.php(180): Illuminate\\Foundation\\Http\\Middleware\\ValidatePostSize->handle()
#61 /home/team05/lika.teamjaketech.com/vendor/laravel/framework/src/Illuminate/Foundation/Http/Middleware/PreventRequestsDuringMaintenance.php(86): Illuminate\\Pipeline\\Pipeline->Illuminate\\Pipeline\\{closure}()
#62 /home/team05/lika.teamjaketech.com/vendor/laravel/framework/src/Illuminate/Pipeline/Pipeline.php(180): Illuminate\\Foundation\\Http\\Middleware\\PreventRequestsDuringMaintenance->handle()
#63 /home/team05/lika.teamjaketech.com/vendor/laravel/framework/src/Illuminate/Http/Middleware/HandleCors.php(49): Illuminate\\Pipeline\\Pipeline->Illuminate\\Pipeline\\{closure}()
#64 /home/team05/lika.teamjaketech.com/vendor/laravel/framework/src/Illuminate/Pipeline/Pipeline.php(180): Illuminate\\Http\\Middleware\\HandleCors->handle()
#65 /home/team05/lika.teamjaketech.com/vendor/laravel/framework/src/Illuminate/Http/Middleware/TrustProxies.php(39): Illuminate\\Pipeline\\Pipeline->Illuminate\\Pipeline\\{closure}()
#66 /home/team05/lika.teamjaketech.com/vendor/laravel/framework/src/Illuminate/Pipeline/Pipeline.php(180): Illuminate\\Http\\Middleware\\TrustProxies->handle()
#67 /home/team05/lika.teamjaketech.com/vendor/laravel/framework/src/Illuminate/Pipeline/Pipeline.php(116): Illuminate\\Pipeline\\Pipeline->Illuminate\\Pipeline\\{closure}()
#68 /home/team05/lika.teamjaketech.com/vendor/laravel/framework/src/Illuminate/Foundation/Http/Kernel.php(165): Illuminate\\Pipeline\\Pipeline->then()
#69 /home/team05/lika.teamjaketech.com/vendor/laravel/framework/src/Illuminate/Foundation/Http/Kernel.php(134): Illuminate\\Foundation\\Http\\Kernel->sendRequestThroughRouter()
#70 /home/team05/lika.teamjaketech.com/public/index.php(51): Illuminate\\Foundation\\Http\\Kernel->handle()
#71 {main}

[previous exception] [object] (PDOException(code: 42S22): SQLSTATE[42S22]: Column not found: 1054 Unknown column 'accounting_acc_trans_mappings.added_by' in 'WHERE' at /home/team05/lika.teamjaketech.com/vendor/laravel/framework/src/Illuminate/Database/Connection.php:414)
[stacktrace]
#0 /home/team05/lika.teamjaketech.com/vendor/laravel/framework/src/Illuminate/Database/Connection.php(414): PDO->prepare()
#1 /home/team05/lika.teamjaketech.com/vendor/laravel/framework/src/Illuminate/Database/Connection.php(753): Illuminate\\Database\\Connection->Illuminate\\Database\\{closure}()
#2 /home/team05/lika.teamjaketech.com/vendor/laravel/framework/src/Illuminate/Database/Connection.php(720): Illuminate\\Database\\Connection->runQueryCallback()
#3 /home/team05/lika.teamjaketech.com/vendor/laravel/framework/src/Illuminate/Database/Connection.php(405): Illuminate\\Database\\Connection->run()
#4 /home/team05/lika.teamjaketech.com/vendor/laravel/framework/src/Illuminate/Database/Query/Builder.php(2705): Illuminate\\Database\\Connection->select()
#5 /home/team05/lika.teamjaketech.com/vendor/laravel/framework/src/Illuminate/Database/Query/Builder.php(2694): Illuminate\\Database\\Query\\Builder->runSelect()
#6 /home/team05/lika.teamjaketech.com/vendor/laravel/framework/src/Illuminate/Database/Query/Builder.php(3230): Illuminate\\Database\\Query\\Builder->Illuminate\\Database\\Query\\{closure}()
#7 /home/team05/lika.teamjaketech.com/vendor/laravel/framework/src/Illuminate/Database/Query/Builder.php(2693): Illuminate\\Database\\Query\\Builder->onceWithColumns()
#8 /home/team05/lika.teamjaketech.com/vendor/laravel/framework/src/Illuminate/Database/Query/Builder.php(3157): Illuminate\\Database\\Query\\Builder->get()
#9 /home/team05/lika.teamjaketech.com/vendor/laravel/framework/src/Illuminate/Database/Query/Builder.php(3085): Illuminate\\Database\\Query\\Builder->aggregate()
#10 /home/team05/lika.teamjaketech.com/vendor/laravel/framework/src/Illuminate/Database/Eloquent/Builder.php(1869): Illuminate\\Database\\Query\\Builder->count()
#11 /home/team05/lika.teamjaketech.com/vendor/yajra/laravel-datatables-oracle/src/QueryDataTable.php(215): Illuminate\\Database\\Eloquent\\Builder->__call()
#12 /home/team05/lika.teamjaketech.com/vendor/yajra/laravel-datatables-oracle/src/QueryDataTable.php(200): Yajra\\DataTables\\QueryDataTable->count()
#13 /home/team05/lika.teamjaketech.com/vendor/yajra/laravel-datatables-oracle/src/DataTableAbstract.php(705): Yajra\\DataTables\\QueryDataTable->filteredCount()
#14 /home/team05/lika.teamjaketech.com/vendor/yajra/laravel-datatables-oracle/src/QueryDataTable.php(142): Yajra\\DataTables\\DataTableAbstract->filterRecords()
#15 /home/team05/lika.teamjaketech.com/vendor/yajra/laravel-datatables-oracle/src/QueryDataTable.php(99): Yajra\\DataTables\\QueryDataTable->prepareQuery()
#16 /home/team05/lika.teamjaketech.com/Modules/Accounting/Http/Controllers/JournalEntryController.php(114): Yajra\\DataTables\\QueryDataTable->make()
#17 /home/team05/lika.teamjaketech.com/vendor/laravel/framework/src/Illuminate/Routing/Controller.php(54): Modules\\Accounting\\Http\\Controllers\\JournalEntryController->index()
#18 /home/team05/lika.teamjaketech.com/vendor/laravel/framework/src/Illuminate/Routing/ControllerDispatcher.php(43): Illuminate\\Routing\\Controller->callAction()
#19 /home/team05/lika.teamjaketech.com/vendor/laravel/framework/src/Illuminate/Routing/Route.php(259): Illuminate\\Routing\\ControllerDispatcher->dispatch()
#20 /home/team05/lika.teamjaketech.com/vendor/laravel/framework/src/Illuminate/Routing/Route.php(205): Illuminate\\Routing\\Route->runController()
#21 /home/team05/lika.teamjaketech.com/vendor/laravel/framework/src/Illuminate/Routing/Router.php(798): Illuminate\\Routing\\Route->run()
#22 /home/team05/lika.teamjaketech.com/vendor/laravel/framework/src/Illuminate/Pipeline/Pipeline.php(141): Illuminate\\Routing\\Router->Illuminate\\Routing\\{closure}()
#23 /home/team05/lika.teamjaketech.com/app/Http/Middleware/AdminSidebarMenu.php(22): Illuminate\\Pipeline\\Pipeline->Illuminate\\Pipeline\\{closure}()
#24 /home/team05/lika.teamjaketech.com/vendor/laravel/framework/src/Illuminate/Pipeline/Pipeline.php(180): App\\Http\\Middleware\\AdminSidebarMenu->handle()
#25 /home/team05/lika.teamjaketech.com/app/Http/Middleware/Timezone.php(30): Illuminate\\Pipeline\\Pipeline->Illuminate\\Pipeline\\{closure}()
#26 /home/team05/lika.teamjaketech.com/vendor/laravel/framework/src/Illuminate/Pipeline/Pipeline.php(180): App\\Http\\Middleware\\Timezone->handle()
#27 /home/team05/lika.teamjaketech.com/app/Http/Middleware/Language.php(25): Illuminate\\Pipeline\\Pipeline->Illuminate\\Pipeline\\{closure}()
#28 /home/team05/lika.teamjaketech.com/vendor/laravel/framework/src/Illuminate/Pipeline/Pipeline.php(180): App\\Http\\Middleware\\Language->handle()
#29 /home/team05/lika.teamjaketech.com/app/Http/Middleware/SetSessionData.php(52): Illuminate\\Pipeline\\Pipeline->Illuminate\\Pipeline\\{closure}()
#30 /home/team05/lika.teamjaketech.com/vendor/laravel/framework/src/Illuminate/Pipeline/Pipeline.php(180): App\\Http\\Middleware\\SetSessionData->handle()
#31 /home/team05/lika.teamjaketech.com/vendor/laravel/framework/src/Illuminate/Routing/Middleware/SubstituteBindings.php(50): Illuminate\\Pipeline\\Pipeline->Illuminate\\Pipeline\\{closure}()
#32 /home/team05/lika.teamjaketech.com/vendor/laravel/framework/src/Illuminate/Pipeline/Pipeline.php(180): Illuminate\\Routing\\Middleware\\SubstituteBindings->handle()
#33 /home/team05/lika.teamjaketech.com/vendor/laravel/framework/src/Illuminate/Auth/Middleware/Authenticate.php(44): Illuminate\\Pipeline\\Pipeline->Illuminate\\Pipeline\\{closure}()
#34 /home/team05/lika.teamjaketech.com/vendor/laravel/framework/src/Illuminate/Pipeline/Pipeline.php(180): Illuminate\\Auth\\Middleware\\Authenticate->handle()
#35 /home/team05/lika.teamjaketech.com/vendor/laravel/framework/src/Illuminate/Foundation/Http/Middleware/VerifyCsrfToken.php(78): Illuminate\\Pipeline\\Pipeline->Illuminate\\Pipeline\\{closure}()
#36 /home/team05/lika.teamjaketech.com/vendor/laravel/framework/src/Illuminate/Pipeline/Pipeline.php(180): Illuminate\\Foundation\\Http\\Middleware\\VerifyCsrfToken->handle()
#37 /home/team05/lika.teamjaketech.com/vendor/laravel/framework/src/Illuminate/View/Middleware/ShareErrorsFromSession.php(49): Illuminate\\Pipeline\\Pipeline->Illuminate\\Pipeline\\{closure}()
#38 /home/team05/lika.teamjaketech.com/vendor/laravel/framework/src/Illuminate/Pipeline/Pipeline.php(180): Illuminate\\View\\Middleware\\ShareErrorsFromSession->handle()
#39 /home/team05/lika.teamjaketech.com/vendor/laravel/framework/src/Illuminate/Session/Middleware/StartSession.php(121): Illuminate\\Pipeline\\Pipeline->Illuminate\\Pipeline\\{closure}()
#40 /home/team05/lika.teamjaketech.com/vendor/laravel/framework/src/Illuminate/Session/Middleware/StartSession.php(64): Illuminate\\Session\\Middleware\\StartSession->handleStatefulRequest()
#41 /home/team05/lika.teamjaketech.com/vendor/laravel/framework/src/Illuminate/Pipeline/Pipeline.php(180): Illuminate\\Session\\Middleware\\StartSession->handle()
#42 /home/team05/lika.teamjaketech.com/vendor/laravel/framework/src/Illuminate/Cookie/Middleware/AddQueuedCookiesToResponse.php(37): Illuminate\\Pipeline\\Pipeline->Illuminate\\Pipeline\\{closure}()
#43 /home/team05/lika.teamjaketech.com/vendor/laravel/framework/src/Illuminate/Pipeline/Pipeline.php(180): Illuminate\\Cookie\\Middleware\\AddQueuedCookiesToResponse->handle()
#44 /home/team05/lika.teamjaketech.com/vendor/laravel/framework/src/Illuminate/Cookie/Middleware/EncryptCookies.php(67): Illuminate\\Pipeline\\Pipeline->Illuminate\\Pipeline\\{closure}()
#45 /home/team05/lika.teamjaketech.com/vendor/laravel/framework/src/Illuminate/Pipeline/Pipeline.php(180): Illuminate\\Cookie\\Middleware\\EncryptCookies->handle()
#46 /home/team05/lika.teamjaketech.com/vendor/laravel/framework/src/Illuminate/Pipeline/Pipeline.php(116): Illuminate\\Pipeline\\Pipeline->Illuminate\\Pipeline\\{closure}()
#47 /home/team05/lika.teamjaketech.com/vendor/laravel/framework/src/Illuminate/Routing/Router.php(797): Illuminate\\Pipeline\\Pipeline->then()
#48 /home/team05/lika.teamjaketech.com/vendor/laravel/framework/src/Illuminate/Routing/Router.php(776): Illuminate\\Routing\\Router->runRouteWithinStack()
#49 /home/team05/lika.teamjaketech.com/vendor/laravel/framework/src/Illuminate/Routing/Router.php(740): Illuminate\\Routing\\Router->runRoute()
#50 /home/team05/lika.teamjaketech.com/vendor/laravel/framework/src/Illuminate/Routing/Router.php(729): Illuminate\\Routing\\Router->dispatchToRoute()
#51 /home/team05/lika.teamjaketech.com/vendor/laravel/framework/src/Illuminate/Foundation/Http/Kernel.php(190): Illuminate\\Routing\\Router->dispatch()
#52 /home/team05/lika.teamjaketech.com/vendor/laravel/framework/src/Illuminate/Pipeline/Pipeline.php(141): Illuminate\\Foundation\\Http\\Kernel->Illuminate\\Foundation\\Http\\{closure}()
#53 /home/team05/lika.teamjaketech.com/vendor/barryvdh/laravel-debugbar/src/Middleware/InjectDebugbar.php(59): Illuminate\\Pipeline\\Pipeline->Illuminate\\Pipeline\\{closure}()
#54 /home/team05/lika.teamjaketech.com/vendor/laravel/framework/src/Illuminate/Pipeline/Pipeline.php(180): Barryvdh\\Debugbar\\Middleware\\InjectDebugbar->handle()
#55 /home/team05/lika.teamjaketech.com/vendor/laravel/framework/src/Illuminate/Foundation/Http/Middleware/TransformsRequest.php(21): Illuminate\\Pipeline\\Pipeline->Illuminate\\Pipeline\\{closure}()
#56 /home/team05/lika.teamjaketech.com/vendor/laravel/framework/src/Illuminate/Foundation/Http/Middleware/ConvertEmptyStringsToNull.php(31): Illuminate\\Foundation\\Http\\Middleware\\TransformsRequest->handle()
#57 /home/team05/lika.teamjaketech.com/vendor/laravel/framework/src/Illuminate/Pipeline/Pipeline.php(180): Illuminate\\Foundation\\Http\\Middleware\\ConvertEmptyStringsToNull->handle()
#58 /home/team05/lika.teamjaketech.com/vendor/laravel/framework/src/Illuminate/Foundation/Http/Middleware/TransformsRequest.php(21): Illuminate\\Pipeline\\Pipeline->Illuminate\\Pipeline\\{closure}()
#59 /home/team05/lika.teamjaketech.com/vendor/laravel/framework/src/Illuminate/Foundation/Http/Middleware/TrimStrings.php(40): Illuminate\\Foundation\\Http\\Middleware\\TransformsRequest->handle()
#60 /home/team05/lika.teamjaketech.com/vendor/laravel/framework/src/Illuminate/Pipeline/Pipeline.php(180): Illuminate\\Foundation\\Http\\Middleware\\TrimStrings->handle()
#61 /home/team05/lika.teamjaketech.com/vendor/laravel/framework/src/Illuminate/Foundation/Http/Middleware/ValidatePostSize.php(27): Illuminate\\Pipeline\\Pipeline->Illuminate\\Pipeline\\{closure}()
#62 /home/team05/lika.teamjaketech.com/vendor/laravel/framework/src/Illuminate/Pipeline/Pipeline.php(180): Illuminate\\Foundation\\Http\\Middleware\\ValidatePostSize->handle()
#63 /home/team05/lika.teamjaketech.com/vendor/laravel/framework/src/Illuminate/Foundation/Http/Middleware/PreventRequestsDuringMaintenance.php(86): Illuminate\\Pipeline\\Pipeline->Illuminate\\Pipeline\\{closure}()
#64 /home/team05/lika.teamjaketech.com/vendor/laravel/framework/src/Illuminate/Pipeline/Pipeline.php(180): Illuminate\\Foundation\\Http\\Middleware\\PreventRequestsDuringMaintenance->handle()
#65 /home/team05/lika.teamjaketech.com/vendor/laravel/framework/src/Illuminate/Http/Middleware/HandleCors.php(49): Illuminate\\Pipeline\\Pipeline->Illuminate\\Pipeline\\{closure}()
#66 /home/team05/lika.teamjaketech.com/vendor/laravel/framework/src/Illuminate/Pipeline/Pipeline.php(180): Illuminate\\Http\\Middleware\\HandleCors->handle()
#67 /home/team05/lika.teamjaketech.com/vendor/laravel/framework/src/Illuminate/Http/Middleware/TrustProxies.php(39): Illuminate\\Pipeline\\Pipeline->Illuminate\\Pipeline\\{closure}()
#68 /home/team05/lika.teamjaketech.com/vendor/laravel/framework/src/Illuminate/Pipeline/Pipeline.php(180): Illuminate\\Http\\Middleware\\TrustProxies->handle()
#69 /home/team05/lika.teamjaketech.com/vendor/laravel/framework/src/Illuminate/Pipeline/Pipeline.php(116): Illuminate\\Pipeline\\Pipeline->Illuminate\\Pipeline\\{closure}()
#70 /home/team05/lika.teamjaketech.com/vendor/laravel/framework/src/Illuminate/Foundation/Http/Kernel.php(165): Illuminate\\Pipeline\\Pipeline->then()
#71 /home/team05/lika.teamjaketech.com/vendor/laravel/framework/src/Illuminate/Foundation/Http/Kernel.php(134): Illuminate\\Foundation\\Http\\Kernel->sendRequestThroughRouter()
#72 /home/team05/lika.teamjaketech.com/public/index.php(51): Illuminate\\Foundation\\Http\\Kernel->handle()
#73 {main}
"} 
[2026-04-17 10:10:56] local.ERROR: SQLSTATE[42S22]: Column not found: 1054 Unknown column 'accounting_acc_trans_mappings.added_by' in 'WHERE' (SQL: select count(*) as aggregate from `accounting_acc_trans_mappings` inner join `users` as `u` on `accounting_acc_trans_mappings`.`created_by` = `u`.`id` where `accounting_acc_trans_mappings`.`business_id` = 2 and `accounting_acc_trans_mappings`.`type` in (journal_entry, fixed_asset_depreciation, fixed_asset_acquisition, fixed_asset_disposal) and date(`accounting_acc_trans_mappings`.`operation_date`) >= 2026-01-01 and date(`accounting_acc_trans_mappings`.`operation_date`) <= 2026-12-31 and (LOWER(`accounting_acc_trans_mappings`.`operation_date`) LIKE %p% or LOWER(`accounting_acc_trans_mappings`.`ref_no`) LIKE %p% or LOWER(`accounting_acc_trans_mappings`.`added_by`) LIKE %p% or LOWER(`accounting_acc_trans_mappings`.`note`) LIKE %p%)) {"userId":14,"exception":"[object] (Illuminate\\Database\\QueryException(code: 42S22): SQLSTATE[42S22]: Column not found: 1054 Unknown column 'accounting_acc_trans_mappings.added_by' in 'WHERE' (SQL: select count(*) as aggregate from `accounting_acc_trans_mappings` inner join `users` as `u` on `accounting_acc_trans_mappings`.`created_by` = `u`.`id` where `accounting_acc_trans_mappings`.`business_id` = 2 and `accounting_acc_trans_mappings`.`type` in (journal_entry, fixed_asset_depreciation, fixed_asset_acquisition, fixed_asset_disposal) and date(`accounting_acc_trans_mappings`.`operation_date`) >= 2026-01-01 and date(`accounting_acc_trans_mappings`.`operation_date`) <= 2026-12-31 and (LOWER(`accounting_acc_trans_mappings`.`operation_date`) LIKE %p% or LOWER(`accounting_acc_trans_mappings`.`ref_no`) LIKE %p% or LOWER(`accounting_acc_trans_mappings`.`added_by`) LIKE %p% or LOWER(`accounting_acc_trans_mappings`.`note`) LIKE %p%)) at /home/team05/lika.teamjaketech.com/vendor/laravel/framework/src/Illuminate/Database/Connection.php:760)
[stacktrace]
#0 /home/team05/lika.teamjaketech.com/vendor/laravel/framework/src/Illuminate/Database/Connection.php(720): Illuminate\\Database\\Connection->runQueryCallback()
#1 /home/team05/lika.teamjaketech.com/vendor/laravel/framework/src/Illuminate/Database/Connection.php(405): Illuminate\\Database\\Connection->run()
#2 /home/team05/lika.teamjaketech.com/vendor/laravel/framework/src/Illuminate/Database/Query/Builder.php(2705): Illuminate\\Database\\Connection->select()
#3 /home/team05/lika.teamjaketech.com/vendor/laravel/framework/src/Illuminate/Database/Query/Builder.php(2694): Illuminate\\Database\\Query\\Builder->runSelect()
#4 /home/team05/lika.teamjaketech.com/vendor/laravel/framework/src/Illuminate/Database/Query/Builder.php(3230): Illuminate\\Database\\Query\\Builder->Illuminate\\Database\\Query\\{closure}()
#5 /home/team05/lika.teamjaketech.com/vendor/laravel/framework/src/Illuminate/Database/Query/Builder.php(2693): Illuminate\\Database\\Query\\Builder->onceWithColumns()
#6 /home/team05/lika.teamjaketech.com/vendor/laravel/framework/src/Illuminate/Database/Query/Builder.php(3157): Illuminate\\Database\\Query\\Builder->get()
#7 /home/team05/lika.teamjaketech.com/vendor/laravel/framework/src/Illuminate/Database/Query/Builder.php(3085): Illuminate\\Database\\Query\\Builder->aggregate()
#8 /home/team05/lika.teamjaketech.com/vendor/laravel/framework/src/Illuminate/Database/Eloquent/Builder.php(1869): Illuminate\\Database\\Query\\Builder->count()
#9 /home/team05/lika.teamjaketech.com/vendor/yajra/laravel-datatables-oracle/src/QueryDataTable.php(215): Illuminate\\Database\\Eloquent\\Builder->__call()
#10 /home/team05/lika.teamjaketech.com/vendor/yajra/laravel-datatables-oracle/src/QueryDataTable.php(200): Yajra\\DataTables\\QueryDataTable->count()
#11 /home/team05/lika.teamjaketech.com/vendor/yajra/laravel-datatables-oracle/src/DataTableAbstract.php(705): Yajra\\DataTables\\QueryDataTable->filteredCount()
#12 /home/team05/lika.teamjaketech.com/vendor/yajra/laravel-datatables-oracle/src/QueryDataTable.php(142): Yajra\\DataTables\\DataTableAbstract->filterRecords()
#13 /home/team05/lika.teamjaketech.com/vendor/yajra/laravel-datatables-oracle/src/QueryDataTable.php(99): Yajra\\DataTables\\QueryDataTable->prepareQuery()
#14 /home/team05/lika.teamjaketech.com/Modules/Accounting/Http/Controllers/JournalEntryController.php(114): Yajra\\DataTables\\QueryDataTable->make()
#15 /home/team05/lika.teamjaketech.com/vendor/laravel/framework/src/Illuminate/Routing/Controller.php(54): Modules\\Accounting\\Http\\Controllers\\JournalEntryController->index()
#16 /home/team05/lika.teamjaketech.com/vendor/laravel/framework/src/Illuminate/Routing/ControllerDispatcher.php(43): Illuminate\\Routing\\Controller->callAction()
#17 /home/team05/lika.teamjaketech.com/vendor/laravel/framework/src/Illuminate/Routing/Route.php(259): Illuminate\\Routing\\ControllerDispatcher->dispatch()
#18 /home/team05/lika.teamjaketech.com/vendor/laravel/framework/src/Illuminate/Routing/Route.php(205): Illuminate\\Routing\\Route->runController()
#19 /home/team05/lika.teamjaketech.com/vendor/laravel/framework/src/Illuminate/Routing/Router.php(798): Illuminate\\Routing\\Route->run()
#20 /home/team05/lika.teamjaketech.com/vendor/laravel/framework/src/Illuminate/Pipeline/Pipeline.php(141): Illuminate\\Routing\\Router->Illuminate\\Routing\\{closure}()
#21 /home/team05/lika.teamjaketech.com/app/Http/Middleware/AdminSidebarMenu.php(22): Illuminate\\Pipeline\\Pipeline->Illuminate\\Pipeline\\{closure}()
#22 /home/team05/lika.teamjaketech.com/vendor/laravel/framework/src/Illuminate/Pipeline/Pipeline.php(180): App\\Http\\Middleware\\AdminSidebarMenu->handle()
#23 /home/team05/lika.teamjaketech.com/app/Http/Middleware/Timezone.php(30): Illuminate\\Pipeline\\Pipeline->Illuminate\\Pipeline\\{closure}()
#24 /home/team05/lika.teamjaketech.com/vendor/laravel/framework/src/Illuminate/Pipeline/Pipeline.php(180): App\\Http\\Middleware\\Timezone->handle()
#25 /home/team05/lika.teamjaketech.com/app/Http/Middleware/Language.php(25): Illuminate\\Pipeline\\Pipeline->Illuminate\\Pipeline\\{closure}()
#26 /home/team05/lika.teamjaketech.com/vendor/laravel/framework/src/Illuminate/Pipeline/Pipeline.php(180): App\\Http\\Middleware\\Language->handle()
#27 /home/team05/lika.teamjaketech.com/app/Http/Middleware/SetSessionData.php(52): Illuminate\\Pipeline\\Pipeline->Illuminate\\Pipeline\\{closure}()
#28 /home/team05/lika.teamjaketech.com/vendor/laravel/framework/src/Illuminate/Pipeline/Pipeline.php(180): App\\Http\\Middleware\\SetSessionData->handle()
#29 /home/team05/lika.teamjaketech.com/vendor/laravel/framework/src/Illuminate/Routing/Middleware/SubstituteBindings.php(50): Illuminate\\Pipeline\\Pipeline->Illuminate\\Pipeline\\{closure}()
#30 /home/team05/lika.teamjaketech.com/vendor/laravel/framework/src/Illuminate/Pipeline/Pipeline.php(180): Illuminate\\Routing\\Middleware\\SubstituteBindings->handle()
#31 /home/team05/lika.teamjaketech.com/vendor/laravel/framework/src/Illuminate/Auth/Middleware/Authenticate.php(44): Illuminate\\Pipeline\\Pipeline->Illuminate\\Pipeline\\{closure}()
#32 /home/team05/lika.teamjaketech.com/vendor/laravel/framework/src/Illuminate/Pipeline/Pipeline.php(180): Illuminate\\Auth\\Middleware\\Authenticate->handle()
#33 /home/team05/lika.teamjaketech.com/vendor/laravel/framework/src/Illuminate/Foundation/Http/Middleware/VerifyCsrfToken.php(78): Illuminate\\Pipeline\\Pipeline->Illuminate\\Pipeline\\{closure}()
#34 /home/team05/lika.teamjaketech.com/vendor/laravel/framework/src/Illuminate/Pipeline/Pipeline.php(180): Illuminate\\Foundation\\Http\\Middleware\\VerifyCsrfToken->handle()
#35 /home/team05/lika.teamjaketech.com/vendor/laravel/framework/src/Illuminate/View/Middleware/ShareErrorsFromSession.php(49): Illuminate\\Pipeline\\Pipeline->Illuminate\\Pipeline\\{closure}()
#36 /home/team05/lika.teamjaketech.com/vendor/laravel/framework/src/Illuminate/Pipeline/Pipeline.php(180): Illuminate\\View\\Middleware\\ShareErrorsFromSession->handle()
#37 /home/team05/lika.teamjaketech.com/vendor/laravel/framework/src/Illuminate/Session/Middleware/StartSession.php(121): Illuminate\\Pipeline\\Pipeline->Illuminate\\Pipeline\\{closure}()
#38 /home/team05/lika.teamjaketech.com/vendor/laravel/framework/src/Illuminate/Session/Middleware/StartSession.php(64): Illuminate\\Session\\Middleware\\StartSession->handleStatefulRequest()
#39 /home/team05/lika.teamjaketech.com/vendor/laravel/framework/src/Illuminate/Pipeline/Pipeline.php(180): Illuminate\\Session\\Middleware\\StartSession->handle()
#40 /home/team05/lika.teamjaketech.com/vendor/laravel/framework/src/Illuminate/Cookie/Middleware/AddQueuedCookiesToResponse.php(37): Illuminate\\Pipeline\\Pipeline->Illuminate\\Pipeline\\{closure}()
#41 /home/team05/lika.teamjaketech.com/vendor/laravel/framework/src/Illuminate/Pipeline/Pipeline.php(180): Illuminate\\Cookie\\Middleware\\AddQueuedCookiesToResponse->handle()
#42 /home/team05/lika.teamjaketech.com/vendor/laravel/framework/src/Illuminate/Cookie/Middleware/EncryptCookies.php(67): Illuminate\\Pipeline\\Pipeline->Illuminate\\Pipeline\\{closure}()
#43 /home/team05/lika.teamjaketech.com/vendor/laravel/framework/src/Illuminate/Pipeline/Pipeline.php(180): Illuminate\\Cookie\\Middleware\\EncryptCookies->handle()
#44 /home/team05/lika.teamjaketech.com/vendor/laravel/framework/src/Illuminate/Pipeline/Pipeline.php(116): Illuminate\\Pipeline\\Pipeline->Illuminate\\Pipeline\\{closure}()
#45 /home/team05/lika.teamjaketech.com/vendor/laravel/framework/src/Illuminate/Routing/Router.php(797): Illuminate\\Pipeline\\Pipeline->then()
#46 /home/team05/lika.teamjaketech.com/vendor/laravel/framework/src/Illuminate/Routing/Router.php(776): Illuminate\\Routing\\Router->runRouteWithinStack()
#47 /home/team05/lika.teamjaketech.com/vendor/laravel/framework/src/Illuminate/Routing/Router.php(740): Illuminate\\Routing\\Router->runRoute()
#48 /home/team05/lika.teamjaketech.com/vendor/laravel/framework/src/Illuminate/Routing/Router.php(729): Illuminate\\Routing\\Router->dispatchToRoute()
#49 /home/team05/lika.teamjaketech.com/vendor/laravel/framework/src/Illuminate/Foundation/Http/Kernel.php(190): Illuminate\\Routing\\Router->dispatch()
#50 /home/team05/lika.teamjaketech.com/vendor/laravel/framework/src/Illuminate/Pipeline/Pipeline.php(141): Illuminate\\Foundation\\Http\\Kernel->Illuminate\\Foundation\\Http\\{closure}()
#51 /home/team05/lika.teamjaketech.com/vendor/barryvdh/laravel-debugbar/src/Middleware/InjectDebugbar.php(59): Illuminate\\Pipeline\\Pipeline->Illuminate\\Pipeline\\{closure}()
#52 /home/team05/lika.teamjaketech.com/vendor/laravel/framework/src/Illuminate/Pipeline/Pipeline.php(180): Barryvdh\\Debugbar\\Middleware\\InjectDebugbar->handle()
#53 /home/team05/lika.teamjaketech.com/vendor/laravel/framework/src/Illuminate/Foundation/Http/Middleware/TransformsRequest.php(21): Illuminate\\Pipeline\\Pipeline->Illuminate\\Pipeline\\{closure}()
#54 /home/team05/lika.teamjaketech.com/vendor/laravel/framework/src/Illuminate/Foundation/Http/Middleware/ConvertEmptyStringsToNull.php(31): Illuminate\\Foundation\\Http\\Middleware\\TransformsRequest->handle()
#55 /home/team05/lika.teamjaketech.com/vendor/laravel/framework/src/Illuminate/Pipeline/Pipeline.php(180): Illuminate\\Foundation\\Http\\Middleware\\ConvertEmptyStringsToNull->handle()
#56 /home/team05/lika.teamjaketech.com/vendor/laravel/framework/src/Illuminate/Foundation/Http/Middleware/TransformsRequest.php(21): Illuminate\\Pipeline\\Pipeline->Illuminate\\Pipeline\\{closure}()
#57 /home/team05/lika.teamjaketech.com/vendor/laravel/framework/src/Illuminate/Foundation/Http/Middleware/TrimStrings.php(40): Illuminate\\Foundation\\Http\\Middleware\\TransformsRequest->handle()
#58 /home/team05/lika.teamjaketech.com/vendor/laravel/framework/src/Illuminate/Pipeline/Pipeline.php(180): Illuminate\\Foundation\\Http\\Middleware\\TrimStrings->handle()
#59 /home/team05/lika.teamjaketech.com/vendor/laravel/framework/src/Illuminate/Foundation/Http/Middleware/ValidatePostSize.php(27): Illuminate\\Pipeline\\Pipeline->Illuminate\\Pipeline\\{closure}()
#60 /home/team05/lika.teamjaketech.com/vendor/laravel/framework/src/Illuminate/Pipeline/Pipeline.php(180): Illuminate\\Foundation\\Http\\Middleware\\ValidatePostSize->handle()
#61 /home/team05/lika.teamjaketech.com/vendor/laravel/framework/src/Illuminate/Foundation/Http/Middleware/PreventRequestsDuringMaintenance.php(86): Illuminate\\Pipeline\\Pipeline->Illuminate\\Pipeline\\{closure}()
#62 /home/team05/lika.teamjaketech.com/vendor/laravel/framework/src/Illuminate/Pipeline/Pipeline.php(180): Illuminate\\Foundation\\Http\\Middleware\\PreventRequestsDuringMaintenance->handle()
#63 /home/team05/lika.teamjaketech.com/vendor/laravel/framework/src/Illuminate/Http/Middleware/HandleCors.php(49): Illuminate\\Pipeline\\Pipeline->Illuminate\\Pipeline\\{closure}()
#64 /home/team05/lika.teamjaketech.com/vendor/laravel/framework/src/Illuminate/Pipeline/Pipeline.php(180): Illuminate\\Http\\Middleware\\HandleCors->handle()
#65 /home/team05/lika.teamjaketech.com/vendor/laravel/framework/src/Illuminate/Http/Middleware/TrustProxies.php(39): Illuminate\\Pipeline\\Pipeline->Illuminate\\Pipeline\\{closure}()
#66 /home/team05/lika.teamjaketech.com/vendor/laravel/framework/src/Illuminate/Pipeline/Pipeline.php(180): Illuminate\\Http\\Middleware\\TrustProxies->handle()
#67 /home/team05/lika.teamjaketech.com/vendor/laravel/framework/src/Illuminate/Pipeline/Pipeline.php(116): Illuminate\\Pipeline\\Pipeline->Illuminate\\Pipeline\\{closure}()
#68 /home/team05/lika.teamjaketech.com/vendor/laravel/framework/src/Illuminate/Foundation/Http/Kernel.php(165): Illuminate\\Pipeline\\Pipeline->then()
#69 /home/team05/lika.teamjaketech.com/vendor/laravel/framework/src/Illuminate/Foundation/Http/Kernel.php(134): Illuminate\\Foundation\\Http\\Kernel->sendRequestThroughRouter()
#70 /home/team05/lika.teamjaketech.com/public/index.php(51): Illuminate\\Foundation\\Http\\Kernel->handle()
#71 {main}

[previous exception] [object] (PDOException(code: 42S22): SQLSTATE[42S22]: Column not found: 1054 Unknown column 'accounting_acc_trans_mappings.added_by' in 'WHERE' at /home/team05/lika.teamjaketech.com/vendor/laravel/framework/src/Illuminate/Database/Connection.php:414)
[stacktrace]
#0 /home/team05/lika.teamjaketech.com/vendor/laravel/framework/src/Illuminate/Database/Connection.php(414): PDO->prepare()
#1 /home/team05/lika.teamjaketech.com/vendor/laravel/framework/src/Illuminate/Database/Connection.php(753): Illuminate\\Database\\Connection->Illuminate\\Database\\{closure}()
#2 /home/team05/lika.teamjaketech.com/vendor/laravel/framework/src/Illuminate/Database/Connection.php(720): Illuminate\\Database\\Connection->runQueryCallback()
#3 /home/team05/lika.teamjaketech.com/vendor/laravel/framework/src/Illuminate/Database/Connection.php(405): Illuminate\\Database\\Connection->run()
#4 /home/team05/lika.teamjaketech.com/vendor/laravel/framework/src/Illuminate/Database/Query/Builder.php(2705): Illuminate\\Database\\Connection->select()
#5 /home/team05/lika.teamjaketech.com/vendor/laravel/framework/src/Illuminate/Database/Query/Builder.php(2694): Illuminate\\Database\\Query\\Builder->runSelect()
#6 /home/team05/lika.teamjaketech.com/vendor/laravel/framework/src/Illuminate/Database/Query/Builder.php(3230): Illuminate\\Database\\Query\\Builder->Illuminate\\Database\\Query\\{closure}()
#7 /home/team05/lika.teamjaketech.com/vendor/laravel/framework/src/Illuminate/Database/Query/Builder.php(2693): Illuminate\\Database\\Query\\Builder->onceWithColumns()
#8 /home/team05/lika.teamjaketech.com/vendor/laravel/framework/src/Illuminate/Database/Query/Builder.php(3157): Illuminate\\Database\\Query\\Builder->get()
#9 /home/team05/lika.teamjaketech.com/vendor/laravel/framework/src/Illuminate/Database/Query/Builder.php(3085): Illuminate\\Database\\Query\\Builder->aggregate()
#10 /home/team05/lika.teamjaketech.com/vendor/laravel/framework/src/Illuminate/Database/Eloquent/Builder.php(1869): Illuminate\\Database\\Query\\Builder->count()
#11 /home/team05/lika.teamjaketech.com/vendor/yajra/laravel-datatables-oracle/src/QueryDataTable.php(215): Illuminate\\Database\\Eloquent\\Builder->__call()
#12 /home/team05/lika.teamjaketech.com/vendor/yajra/laravel-datatables-oracle/src/QueryDataTable.php(200): Yajra\\DataTables\\QueryDataTable->count()
#13 /home/team05/lika.teamjaketech.com/vendor/yajra/laravel-datatables-oracle/src/DataTableAbstract.php(705): Yajra\\DataTables\\QueryDataTable->filteredCount()
#14 /home/team05/lika.teamjaketech.com/vendor/yajra/laravel-datatables-oracle/src/QueryDataTable.php(142): Yajra\\DataTables\\DataTableAbstract->filterRecords()
#15 /home/team05/lika.teamjaketech.com/vendor/yajra/laravel-datatables-oracle/src/QueryDataTable.php(99): Yajra\\DataTables\\QueryDataTable->prepareQuery()
#16 /home/team05/lika.teamjaketech.com/Modules/Accounting/Http/Controllers/JournalEntryController.php(114): Yajra\\DataTables\\QueryDataTable->make()
#17 /home/team05/lika.teamjaketech.com/vendor/laravel/framework/src/Illuminate/Routing/Controller.php(54): Modules\\Accounting\\Http\\Controllers\\JournalEntryController->index()
#18 /home/team05/lika.teamjaketech.com/vendor/laravel/framework/src/Illuminate/Routing/ControllerDispatcher.php(43): Illuminate\\Routing\\Controller->callAction()
#19 /home/team05/lika.teamjaketech.com/vendor/laravel/framework/src/Illuminate/Routing/Route.php(259): Illuminate\\Routing\\ControllerDispatcher->dispatch()
#20 /home/team05/lika.teamjaketech.com/vendor/laravel/framework/src/Illuminate/Routing/Route.php(205): Illuminate\\Routing\\Route->runController()
#21 /home/team05/lika.teamjaketech.com/vendor/laravel/framework/src/Illuminate/Routing/Router.php(798): Illuminate\\Routing\\Route->run()
#22 /home/team05/lika.teamjaketech.com/vendor/laravel/framework/src/Illuminate/Pipeline/Pipeline.php(141): Illuminate\\Routing\\Router->Illuminate\\Routing\\{closure}()
#23 /home/team05/lika.teamjaketech.com/app/Http/Middleware/AdminSidebarMenu.php(22): Illuminate\\Pipeline\\Pipeline->Illuminate\\Pipeline\\{closure}()
#24 /home/team05/lika.teamjaketech.com/vendor/laravel/framework/src/Illuminate/Pipeline/Pipeline.php(180): App\\Http\\Middleware\\AdminSidebarMenu->handle()
#25 /home/team05/lika.teamjaketech.com/app/Http/Middleware/Timezone.php(30): Illuminate\\Pipeline\\Pipeline->Illuminate\\Pipeline\\{closure}()
#26 /home/team05/lika.teamjaketech.com/vendor/laravel/framework/src/Illuminate/Pipeline/Pipeline.php(180): App\\Http\\Middleware\\Timezone->handle()
#27 /home/team05/lika.teamjaketech.com/app/Http/Middleware/Language.php(25): Illuminate\\Pipeline\\Pipeline->Illuminate\\Pipeline\\{closure}()
#28 /home/team05/lika.teamjaketech.com/vendor/laravel/framework/src/Illuminate/Pipeline/Pipeline.php(180): App\\Http\\Middleware\\Language->handle()
#29 /home/team05/lika.teamjaketech.com/app/Http/Middleware/SetSessionData.php(52): Illuminate\\Pipeline\\Pipeline->Illuminate\\Pipeline\\{closure}()
#30 /home/team05/lika.teamjaketech.com/vendor/laravel/framework/src/Illuminate/Pipeline/Pipeline.php(180): App\\Http\\Middleware\\SetSessionData->handle()
#31 /home/team05/lika.teamjaketech.com/vendor/laravel/framework/src/Illuminate/Routing/Middleware/SubstituteBindings.php(50): Illuminate\\Pipeline\\Pipeline->Illuminate\\Pipeline\\{closure}()
#32 /home/team05/lika.teamjaketech.com/vendor/laravel/framework/src/Illuminate/Pipeline/Pipeline.php(180): Illuminate\\Routing\\Middleware\\SubstituteBindings->handle()
#33 /home/team05/lika.teamjaketech.com/vendor/laravel/framework/src/Illuminate/Auth/Middleware/Authenticate.php(44): Illuminate\\Pipeline\\Pipeline->Illuminate\\Pipeline\\{closure}()
#34 /home/team05/lika.teamjaketech.com/vendor/laravel/framework/src/Illuminate/Pipeline/Pipeline.php(180): Illuminate\\Auth\\Middleware\\Authenticate->handle()
#35 /home/team05/lika.teamjaketech.com/vendor/laravel/framework/src/Illuminate/Foundation/Http/Middleware/VerifyCsrfToken.php(78): Illuminate\\Pipeline\\Pipeline->Illuminate\\Pipeline\\{closure}()
#36 /home/team05/lika.teamjaketech.com/vendor/laravel/framework/src/Illuminate/Pipeline/Pipeline.php(180): Illuminate\\Foundation\\Http\\Middleware\\VerifyCsrfToken->handle()
#37 /home/team05/lika.teamjaketech.com/vendor/laravel/framework/src/Illuminate/View/Middleware/ShareErrorsFromSession.php(49): Illuminate\\Pipeline\\Pipeline->Illuminate\\Pipeline\\{closure}()
#38 /home/team05/lika.teamjaketech.com/vendor/laravel/framework/src/Illuminate/Pipeline/Pipeline.php(180): Illuminate\\View\\Middleware\\ShareErrorsFromSession->handle()
#39 /home/team05/lika.teamjaketech.com/vendor/laravel/framework/src/Illuminate/Session/Middleware/StartSession.php(121): Illuminate\\Pipeline\\Pipeline->Illuminate\\Pipeline\\{closure}()
#40 /home/team05/lika.teamjaketech.com/vendor/laravel/framework/src/Illuminate/Session/Middleware/StartSession.php(64): Illuminate\\Session\\Middleware\\StartSession->handleStatefulRequest()
#41 /home/team05/lika.teamjaketech.com/vendor/laravel/framework/src/Illuminate/Pipeline/Pipeline.php(180): Illuminate\\Session\\Middleware\\StartSession->handle()
#42 /home/team05/lika.teamjaketech.com/vendor/laravel/framework/src/Illuminate/Cookie/Middleware/AddQueuedCookiesToResponse.php(37): Illuminate\\Pipeline\\Pipeline->Illuminate\\Pipeline\\{closure}()
#43 /home/team05/lika.teamjaketech.com/vendor/laravel/framework/src/Illuminate/Pipeline/Pipeline.php(180): Illuminate\\Cookie\\Middleware\\AddQueuedCookiesToResponse->handle()
#44 /home/team05/lika.teamjaketech.com/vendor/laravel/framework/src/Illuminate/Cookie/Middleware/EncryptCookies.php(67): Illuminate\\Pipeline\\Pipeline->Illuminate\\Pipeline\\{closure}()
#45 /home/team05/lika.teamjaketech.com/vendor/laravel/framework/src/Illuminate/Pipeline/Pipeline.php(180): Illuminate\\Cookie\\Middleware\\EncryptCookies->handle()
#46 /home/team05/lika.teamjaketech.com/vendor/laravel/framework/src/Illuminate/Pipeline/Pipeline.php(116): Illuminate\\Pipeline\\Pipeline->Illuminate\\Pipeline\\{closure}()
#47 /home/team05/lika.teamjaketech.com/vendor/laravel/framework/src/Illuminate/Routing/Router.php(797): Illuminate\\Pipeline\\Pipeline->then()
#48 /home/team05/lika.teamjaketech.com/vendor/laravel/framework/src/Illuminate/Routing/Router.php(776): Illuminate\\Routing\\Router->runRouteWithinStack()
#49 /home/team05/lika.teamjaketech.com/vendor/laravel/framework/src/Illuminate/Routing/Router.php(740): Illuminate\\Routing\\Router->runRoute()
#50 /home/team05/lika.teamjaketech.com/vendor/laravel/framework/src/Illuminate/Routing/Router.php(729): Illuminate\\Routing\\Router->dispatchToRoute()
#51 /home/team05/lika.teamjaketech.com/vendor/laravel/framework/src/Illuminate/Foundation/Http/Kernel.php(190): Illuminate\\Routing\\Router->dispatch()
#52 /home/team05/lika.teamjaketech.com/vendor/laravel/framework/src/Illuminate/Pipeline/Pipeline.php(141): Illuminate\\Foundation\\Http\\Kernel->Illuminate\\Foundation\\Http\\{closure}()
#53 /home/team05/lika.teamjaketech.com/vendor/barryvdh/laravel-debugbar/src/Middleware/InjectDebugbar.php(59): Illuminate\\Pipeline\\Pipeline->Illuminate\\Pipeline\\{closure}()
#54 /home/team05/lika.teamjaketech.com/vendor/laravel/framework/src/Illuminate/Pipeline/Pipeline.php(180): Barryvdh\\Debugbar\\Middleware\\InjectDebugbar->handle()
#55 /home/team05/lika.teamjaketech.com/vendor/laravel/framework/src/Illuminate/Foundation/Http/Middleware/TransformsRequest.php(21): Illuminate\\Pipeline\\Pipeline->Illuminate\\Pipeline\\{closure}()
#56 /home/team05/lika.teamjaketech.com/vendor/laravel/framework/src/Illuminate/Foundation/Http/Middleware/ConvertEmptyStringsToNull.php(31): Illuminate\\Foundation\\Http\\Middleware\\TransformsRequest->handle()
#57 /home/team05/lika.teamjaketech.com/vendor/laravel/framework/src/Illuminate/Pipeline/Pipeline.php(180): Illuminate\\Foundation\\Http\\Middleware\\ConvertEmptyStringsToNull->handle()
#58 /home/team05/lika.teamjaketech.com/vendor/laravel/framework/src/Illuminate/Foundation/Http/Middleware/TransformsRequest.php(21): Illuminate\\Pipeline\\Pipeline->Illuminate\\Pipeline\\{closure}()
#59 /home/team05/lika.teamjaketech.com/vendor/laravel/framework/src/Illuminate/Foundation/Http/Middleware/TrimStrings.php(40): Illuminate\\Foundation\\Http\\Middleware\\TransformsRequest->handle()
#60 /home/team05/lika.teamjaketech.com/vendor/laravel/framework/src/Illuminate/Pipeline/Pipeline.php(180): Illuminate\\Foundation\\Http\\Middleware\\TrimStrings->handle()
#61 /home/team05/lika.teamjaketech.com/vendor/laravel/framework/src/Illuminate/Foundation/Http/Middleware/ValidatePostSize.php(27): Illuminate\\Pipeline\\Pipeline->Illuminate\\Pipeline\\{closure}()
#62 /home/team05/lika.teamjaketech.com/vendor/laravel/framework/src/Illuminate/Pipeline/Pipeline.php(180): Illuminate\\Foundation\\Http\\Middleware\\ValidatePostSize->handle()
#63 /home/team05/lika.teamjaketech.com/vendor/laravel/framework/src/Illuminate/Foundation/Http/Middleware/PreventRequestsDuringMaintenance.php(86): Illuminate\\Pipeline\\Pipeline->Illuminate\\Pipeline\\{closure}()
#64 /home/team05/lika.teamjaketech.com/vendor/laravel/framework/src/Illuminate/Pipeline/Pipeline.php(180): Illuminate\\Foundation\\Http\\Middleware\\PreventRequestsDuringMaintenance->handle()
#65 /home/team05/lika.teamjaketech.com/vendor/laravel/framework/src/Illuminate/Http/Middleware/HandleCors.php(49): Illuminate\\Pipeline\\Pipeline->Illuminate\\Pipeline\\{closure}()
#66 /home/team05/lika.teamjaketech.com/vendor/laravel/framework/src/Illuminate/Pipeline/Pipeline.php(180): Illuminate\\Http\\Middleware\\HandleCors->handle()
#67 /home/team05/lika.teamjaketech.com/vendor/laravel/framework/src/Illuminate/Http/Middleware/TrustProxies.php(39): Illuminate\\Pipeline\\Pipeline->Illuminate\\Pipeline\\{closure}()
#68 /home/team05/lika.teamjaketech.com/vendor/laravel/framework/src/Illuminate/Pipeline/Pipeline.php(180): Illuminate\\Http\\Middleware\\TrustProxies->handle()
#69 /home/team05/lika.teamjaketech.com/vendor/laravel/framework/src/Illuminate/Pipeline/Pipeline.php(116): Illuminate\\Pipeline\\Pipeline->Illuminate\\Pipeline\\{closure}()
#70 /home/team05/lika.teamjaketech.com/vendor/laravel/framework/src/Illuminate/Foundation/Http/Kernel.php(165): Illuminate\\Pipeline\\Pipeline->then()
#71 /home/team05/lika.teamjaketech.com/vendor/laravel/framework/src/Illuminate/Foundation/Http/Kernel.php(134): Illuminate\\Foundation\\Http\\Kernel->sendRequestThroughRouter()
#72 /home/team05/lika.teamjaketech.com/public/index.php(51): Illuminate\\Foundation\\Http\\Kernel->handle()
#73 {main}
"} 
[2026-04-17 10:10:57] local.ERROR: SQLSTATE[42S22]: Column not found: 1054 Unknown column 'accounting_acc_trans_mappings.added_by' in 'WHERE' (SQL: select count(*) as aggregate from `accounting_acc_trans_mappings` inner join `users` as `u` on `accounting_acc_trans_mappings`.`created_by` = `u`.`id` where `accounting_acc_trans_mappings`.`business_id` = 2 and `accounting_acc_trans_mappings`.`type` in (journal_entry, fixed_asset_depreciation, fixed_asset_acquisition, fixed_asset_disposal) and date(`accounting_acc_trans_mappings`.`operation_date`) >= 2026-01-01 and date(`accounting_acc_trans_mappings`.`operation_date`) <= 2026-12-31 and (LOWER(`accounting_acc_trans_mappings`.`operation_date`) LIKE %prepa% or LOWER(`accounting_acc_trans_mappings`.`ref_no`) LIKE %prepa% or LOWER(`accounting_acc_trans_mappings`.`added_by`) LIKE %prepa% or LOWER(`accounting_acc_trans_mappings`.`note`) LIKE %prepa%)) {"userId":14,"exception":"[object] (Illuminate\\Database\\QueryException(code: 42S22): SQLSTATE[42S22]: Column not found: 1054 Unknown column 'accounting_acc_trans_mappings.added_by' in 'WHERE' (SQL: select count(*) as aggregate from `accounting_acc_trans_mappings` inner join `users` as `u` on `accounting_acc_trans_mappings`.`created_by` = `u`.`id` where `accounting_acc_trans_mappings`.`business_id` = 2 and `accounting_acc_trans_mappings`.`type` in (journal_entry, fixed_asset_depreciation, fixed_asset_acquisition, fixed_asset_disposal) and date(`accounting_acc_trans_mappings`.`operation_date`) >= 2026-01-01 and date(`accounting_acc_trans_mappings`.`operation_date`) <= 2026-12-31 and (LOWER(`accounting_acc_trans_mappings`.`operation_date`) LIKE %prepa% or LOWER(`accounting_acc_trans_mappings`.`ref_no`) LIKE %prepa% or LOWER(`accounting_acc_trans_mappings`.`added_by`) LIKE %prepa% or LOWER(`accounting_acc_trans_mappings`.`note`) LIKE %prepa%)) at /home/team05/lika.teamjaketech.com/vendor/laravel/framework/src/Illuminate/Database/Connection.php:760)
[stacktrace]
#0 /home/team05/lika.teamjaketech.com/vendor/laravel/framework/src/Illuminate/Database/Connection.php(720): Illuminate\\Database\\Connection->runQueryCallback()
#1 /home/team05/lika.teamjaketech.com/vendor/laravel/framework/src/Illuminate/Database/Connection.php(405): Illuminate\\Database\\Connection->run()
#2 /home/team05/lika.teamjaketech.com/vendor/laravel/framework/src/Illuminate/Database/Query/Builder.php(2705): Illuminate\\Database\\Connection->select()
#3 /home/team05/lika.teamjaketech.com/vendor/laravel/framework/src/Illuminate/Database/Query/Builder.php(2694): Illuminate\\Database\\Query\\Builder->runSelect()
#4 /home/team05/lika.teamjaketech.com/vendor/laravel/framework/src/Illuminate/Database/Query/Builder.php(3230): Illuminate\\Database\\Query\\Builder->Illuminate\\Database\\Query\\{closure}()
#5 /home/team05/lika.teamjaketech.com/vendor/laravel/framework/src/Illuminate/Database/Query/Builder.php(2693): Illuminate\\Database\\Query\\Builder->onceWithColumns()
#6 /home/team05/lika.teamjaketech.com/vendor/laravel/framework/src/Illuminate/Database/Query/Builder.php(3157): Illuminate\\Database\\Query\\Builder->get()
#7 /home/team05/lika.teamjaketech.com/vendor/laravel/framework/src/Illuminate/Database/Query/Builder.php(3085): Illuminate\\Database\\Query\\Builder->aggregate()
#8 /home/team05/lika.teamjaketech.com/vendor/laravel/framework/src/Illuminate/Database/Eloquent/Builder.php(1869): Illuminate\\Database\\Query\\Builder->count()
#9 /home/team05/lika.teamjaketech.com/vendor/yajra/laravel-datatables-oracle/src/QueryDataTable.php(215): Illuminate\\Database\\Eloquent\\Builder->__call()
#10 /home/team05/lika.teamjaketech.com/vendor/yajra/laravel-datatables-oracle/src/QueryDataTable.php(200): Yajra\\DataTables\\QueryDataTable->count()
#11 /home/team05/lika.teamjaketech.com/vendor/yajra/laravel-datatables-oracle/src/DataTableAbstract.php(705): Yajra\\DataTables\\QueryDataTable->filteredCount()
#12 /home/team05/lika.teamjaketech.com/vendor/yajra/laravel-datatables-oracle/src/QueryDataTable.php(142): Yajra\\DataTables\\DataTableAbstract->filterRecords()
#13 /home/team05/lika.teamjaketech.com/vendor/yajra/laravel-datatables-oracle/src/QueryDataTable.php(99): Yajra\\DataTables\\QueryDataTable->prepareQuery()
#14 /home/team05/lika.teamjaketech.com/Modules/Accounting/Http/Controllers/JournalEntryController.php(114): Yajra\\DataTables\\QueryDataTable->make()
#15 /home/team05/lika.teamjaketech.com/vendor/laravel/framework/src/Illuminate/Routing/Controller.php(54): Modules\\Accounting\\Http\\Controllers\\JournalEntryController->index()
#16 /home/team05/lika.teamjaketech.com/vendor/laravel/framework/src/Illuminate/Routing/ControllerDispatcher.php(43): Illuminate\\Routing\\Controller->callAction()
#17 /home/team05/lika.teamjaketech.com/vendor/laravel/framework/src/Illuminate/Routing/Route.php(259): Illuminate\\Routing\\ControllerDispatcher->dispatch()
#18 /home/team05/lika.teamjaketech.com/vendor/laravel/framework/src/Illuminate/Routing/Route.php(205): Illuminate\\Routing\\Route->runController()
#19 /home/team05/lika.teamjaketech.com/vendor/laravel/framework/src/Illuminate/Routing/Router.php(798): Illuminate\\Routing\\Route->run()
#20 /home/team05/lika.teamjaketech.com/vendor/laravel/framework/src/Illuminate/Pipeline/Pipeline.php(141): Illuminate\\Routing\\Router->Illuminate\\Routing\\{closure}()
#21 /home/team05/lika.teamjaketech.com/app/Http/Middleware/AdminSidebarMenu.php(22): Illuminate\\Pipeline\\Pipeline->Illuminate\\Pipeline\\{closure}()
#22 /home/team05/lika.teamjaketech.com/vendor/laravel/framework/src/Illuminate/Pipeline/Pipeline.php(180): App\\Http\\Middleware\\AdminSidebarMenu->handle()
#23 /home/team05/lika.teamjaketech.com/app/Http/Middleware/Timezone.php(30): Illuminate\\Pipeline\\Pipeline->Illuminate\\Pipeline\\{closure}()
#24 /home/team05/lika.teamjaketech.com/vendor/laravel/framework/src/Illuminate/Pipeline/Pipeline.php(180): App\\Http\\Middleware\\Timezone->handle()
#25 /home/team05/lika.teamjaketech.com/app/Http/Middleware/Language.php(25): Illuminate\\Pipeline\\Pipeline->Illuminate\\Pipeline\\{closure}()
#26 /home/team05/lika.teamjaketech.com/vendor/laravel/framework/src/Illuminate/Pipeline/Pipeline.php(180): App\\Http\\Middleware\\Language->handle()
#27 /home/team05/lika.teamjaketech.com/app/Http/Middleware/SetSessionData.php(52): Illuminate\\Pipeline\\Pipeline->Illuminate\\Pipeline\\{closure}()
#28 /home/team05/lika.teamjaketech.com/vendor/laravel/framework/src/Illuminate/Pipeline/Pipeline.php(180): App\\Http\\Middleware\\SetSessionData->handle()
#29 /home/team05/lika.teamjaketech.com/vendor/laravel/framework/src/Illuminate/Routing/Middleware/SubstituteBindings.php(50): Illuminate\\Pipeline\\Pipeline->Illuminate\\Pipeline\\{closure}()
#30 /home/team05/lika.teamjaketech.com/vendor/laravel/framework/src/Illuminate/Pipeline/Pipeline.php(180): Illuminate\\Routing\\Middleware\\SubstituteBindings->handle()
#31 /home/team05/lika.teamjaketech.com/vendor/laravel/framework/src/Illuminate/Auth/Middleware/Authenticate.php(44): Illuminate\\Pipeline\\Pipeline->Illuminate\\Pipeline\\{closure}()
#32 /home/team05/lika.teamjaketech.com/vendor/laravel/framework/src/Illuminate/Pipeline/Pipeline.php(180): Illuminate\\Auth\\Middleware\\Authenticate->handle()
#33 /home/team05/lika.teamjaketech.com/vendor/laravel/framework/src/Illuminate/Foundation/Http/Middleware/VerifyCsrfToken.php(78): Illuminate\\Pipeline\\Pipeline->Illuminate\\Pipeline\\{closure}()
#34 /home/team05/lika.teamjaketech.com/vendor/laravel/framework/src/Illuminate/Pipeline/Pipeline.php(180): Illuminate\\Foundation\\Http\\Middleware\\VerifyCsrfToken->handle()
#35 /home/team05/lika.teamjaketech.com/vendor/laravel/framework/src/Illuminate/View/Middleware/ShareErrorsFromSession.php(49): Illuminate\\Pipeline\\Pipeline->Illuminate\\Pipeline\\{closure}()
#36 /home/team05/lika.teamjaketech.com/vendor/laravel/framework/src/Illuminate/Pipeline/Pipeline.php(180): Illuminate\\View\\Middleware\\ShareErrorsFromSession->handle()
#37 /home/team05/lika.teamjaketech.com/vendor/laravel/framework/src/Illuminate/Session/Middleware/StartSession.php(121): Illuminate\\Pipeline\\Pipeline->Illuminate\\Pipeline\\{closure}()
#38 /home/team05/lika.teamjaketech.com/vendor/laravel/framework/src/Illuminate/Session/Middleware/StartSession.php(64): Illuminate\\Session\\Middleware\\StartSession->handleStatefulRequest()
#39 /home/team05/lika.teamjaketech.com/vendor/laravel/framework/src/Illuminate/Pipeline/Pipeline.php(180): Illuminate\\Session\\Middleware\\StartSession->handle()
#40 /home/team05/lika.teamjaketech.com/vendor/laravel/framework/src/Illuminate/Cookie/Middleware/AddQueuedCookiesToResponse.php(37): Illuminate\\Pipeline\\Pipeline->Illuminate\\Pipeline\\{closure}()
#41 /home/team05/lika.teamjaketech.com/vendor/laravel/framework/src/Illuminate/Pipeline/Pipeline.php(180): Illuminate\\Cookie\\Middleware\\AddQueuedCookiesToResponse->handle()
#42 /home/team05/lika.teamjaketech.com/vendor/laravel/framework/src/Illuminate/Cookie/Middleware/EncryptCookies.php(67): Illuminate\\Pipeline\\Pipeline->Illuminate\\Pipeline\\{closure}()
#43 /home/team05/lika.teamjaketech.com/vendor/laravel/framework/src/Illuminate/Pipeline/Pipeline.php(180): Illuminate\\Cookie\\Middleware\\EncryptCookies->handle()
#44 /home/team05/lika.teamjaketech.com/vendor/laravel/framework/src/Illuminate/Pipeline/Pipeline.php(116): Illuminate\\Pipeline\\Pipeline->Illuminate\\Pipeline\\{closure}()
#45 /home/team05/lika.teamjaketech.com/vendor/laravel/framework/src/Illuminate/Routing/Router.php(797): Illuminate\\Pipeline\\Pipeline->then()
#46 /home/team05/lika.teamjaketech.com/vendor/laravel/framework/src/Illuminate/Routing/Router.php(776): Illuminate\\Routing\\Router->runRouteWithinStack()
#47 /home/team05/lika.teamjaketech.com/vendor/laravel/framework/src/Illuminate/Routing/Router.php(740): Illuminate\\Routing\\Router->runRoute()
#48 /home/team05/lika.teamjaketech.com/vendor/laravel/framework/src/Illuminate/Routing/Router.php(729): Illuminate\\Routing\\Router->dispatchToRoute()
#49 /home/team05/lika.teamjaketech.com/vendor/laravel/framework/src/Illuminate/Foundation/Http/Kernel.php(190): Illuminate\\Routing\\Router->dispatch()
#50 /home/team05/lika.teamjaketech.com/vendor/laravel/framework/src/Illuminate/Pipeline/Pipeline.php(141): Illuminate\\Foundation\\Http\\Kernel->Illuminate\\Foundation\\Http\\{closure}()
#51 /home/team05/lika.teamjaketech.com/vendor/barryvdh/laravel-debugbar/src/Middleware/InjectDebugbar.php(59): Illuminate\\Pipeline\\Pipeline->Illuminate\\Pipeline\\{closure}()
#52 /home/team05/lika.teamjaketech.com/vendor/laravel/framework/src/Illuminate/Pipeline/Pipeline.php(180): Barryvdh\\Debugbar\\Middleware\\InjectDebugbar->handle()
#53 /home/team05/lika.teamjaketech.com/vendor/laravel/framework/src/Illuminate/Foundation/Http/Middleware/TransformsRequest.php(21): Illuminate\\Pipeline\\Pipeline->Illuminate\\Pipeline\\{closure}()
#54 /home/team05/lika.teamjaketech.com/vendor/laravel/framework/src/Illuminate/Foundation/Http/Middleware/ConvertEmptyStringsToNull.php(31): Illuminate\\Foundation\\Http\\Middleware\\TransformsRequest->handle()
#55 /home/team05/lika.teamjaketech.com/vendor/laravel/framework/src/Illuminate/Pipeline/Pipeline.php(180): Illuminate\\Foundation\\Http\\Middleware\\ConvertEmptyStringsToNull->handle()
#56 /home/team05/lika.teamjaketech.com/vendor/laravel/framework/src/Illuminate/Foundation/Http/Middleware/TransformsRequest.php(21): Illuminate\\Pipeline\\Pipeline->Illuminate\\Pipeline\\{closure}()
#57 /home/team05/lika.teamjaketech.com/vendor/laravel/framework/src/Illuminate/Foundation/Http/Middleware/TrimStrings.php(40): Illuminate\\Foundation\\Http\\Middleware\\TransformsRequest->handle()
#58 /home/team05/lika.teamjaketech.com/vendor/laravel/framework/src/Illuminate/Pipeline/Pipeline.php(180): Illuminate\\Foundation\\Http\\Middleware\\TrimStrings->handle()
#59 /home/team05/lika.teamjaketech.com/vendor/laravel/framework/src/Illuminate/Foundation/Http/Middleware/ValidatePostSize.php(27): Illuminate\\Pipeline\\Pipeline->Illuminate\\Pipeline\\{closure}()
#60 /home/team05/lika.teamjaketech.com/vendor/laravel/framework/src/Illuminate/Pipeline/Pipeline.php(180): Illuminate\\Foundation\\Http\\Middleware\\ValidatePostSize->handle()
#61 /home/team05/lika.teamjaketech.com/vendor/laravel/framework/src/Illuminate/Foundation/Http/Middleware/PreventRequestsDuringMaintenance.php(86): Illuminate\\Pipeline\\Pipeline->Illuminate\\Pipeline\\{closure}()
#62 /home/team05/lika.teamjaketech.com/vendor/laravel/framework/src/Illuminate/Pipeline/Pipeline.php(180): Illuminate\\Foundation\\Http\\Middleware\\PreventRequestsDuringMaintenance->handle()
#63 /home/team05/lika.teamjaketech.com/vendor/laravel/framework/src/Illuminate/Http/Middleware/HandleCors.php(49): Illuminate\\Pipeline\\Pipeline->Illuminate\\Pipeline\\{closure}()
#64 /home/team05/lika.teamjaketech.com/vendor/laravel/framework/src/Illuminate/Pipeline/Pipeline.php(180): Illuminate\\Http\\Middleware\\HandleCors->handle()
#65 /home/team05/lika.teamjaketech.com/vendor/laravel/framework/src/Illuminate/Http/Middleware/TrustProxies.php(39): Illuminate\\Pipeline\\Pipeline->Illuminate\\Pipeline\\{closure}()
#66 /home/team05/lika.teamjaketech.com/vendor/laravel/framework/src/Illuminate/Pipeline/Pipeline.php(180): Illuminate\\Http\\Middleware\\TrustProxies->handle()
#67 /home/team05/lika.teamjaketech.com/vendor/laravel/framework/src/Illuminate/Pipeline/Pipeline.php(116): Illuminate\\Pipeline\\Pipeline->Illuminate\\Pipeline\\{closure}()
#68 /home/team05/lika.teamjaketech.com/vendor/laravel/framework/src/Illuminate/Foundation/Http/Kernel.php(165): Illuminate\\Pipeline\\Pipeline->then()
#69 /home/team05/lika.teamjaketech.com/vendor/laravel/framework/src/Illuminate/Foundation/Http/Kernel.php(134): Illuminate\\Foundation\\Http\\Kernel->sendRequestThroughRouter()
#70 /home/team05/lika.teamjaketech.com/public/index.php(51): Illuminate\\Foundation\\Http\\Kernel->handle()
#71 {main}

[previous exception] [object] (PDOException(code: 42S22): SQLSTATE[42S22]: Column not found: 1054 Unknown column 'accounting_acc_trans_mappings.added_by' in 'WHERE' at /home/team05/lika.teamjaketech.com/vendor/laravel/framework/src/Illuminate/Database/Connection.php:414)
[stacktrace]
#0 /home/team05/lika.teamjaketech.com/vendor/laravel/framework/src/Illuminate/Database/Connection.php(414): PDO->prepare()
#1 /home/team05/lika.teamjaketech.com/vendor/laravel/framework/src/Illuminate/Database/Connection.php(753): Illuminate\\Database\\Connection->Illuminate\\Database\\{closure}()
#2 /home/team05/lika.teamjaketech.com/vendor/laravel/framework/src/Illuminate/Database/Connection.php(720): Illuminate\\Database\\Connection->runQueryCallback()
#3 /home/team05/lika.teamjaketech.com/vendor/laravel/framework/src/Illuminate/Database/Connection.php(405): Illuminate\\Database\\Connection->run()
#4 /home/team05/lika.teamjaketech.com/vendor/laravel/framework/src/Illuminate/Database/Query/Builder.php(2705): Illuminate\\Database\\Connection->select()
#5 /home/team05/lika.teamjaketech.com/vendor/laravel/framework/src/Illuminate/Database/Query/Builder.php(2694): Illuminate\\Database\\Query\\Builder->runSelect()
#6 /home/team05/lika.teamjaketech.com/vendor/laravel/framework/src/Illuminate/Database/Query/Builder.php(3230): Illuminate\\Database\\Query\\Builder->Illuminate\\Database\\Query\\{closure}()
#7 /home/team05/lika.teamjaketech.com/vendor/laravel/framework/src/Illuminate/Database/Query/Builder.php(2693): Illuminate\\Database\\Query\\Builder->onceWithColumns()
#8 /home/team05/lika.teamjaketech.com/vendor/laravel/framework/src/Illuminate/Database/Query/Builder.php(3157): Illuminate\\Database\\Query\\Builder->get()
#9 /home/team05/lika.teamjaketech.com/vendor/laravel/framework/src/Illuminate/Database/Query/Builder.php(3085): Illuminate\\Database\\Query\\Builder->aggregate()
#10 /home/team05/lika.teamjaketech.com/vendor/laravel/framework/src/Illuminate/Database/Eloquent/Builder.php(1869): Illuminate\\Database\\Query\\Builder->count()
#11 /home/team05/lika.teamjaketech.com/vendor/yajra/laravel-datatables-oracle/src/QueryDataTable.php(215): Illuminate\\Database\\Eloquent\\Builder->__call()
#12 /home/team05/lika.teamjaketech.com/vendor/yajra/laravel-datatables-oracle/src/QueryDataTable.php(200): Yajra\\DataTables\\QueryDataTable->count()
#13 /home/team05/lika.teamjaketech.com/vendor/yajra/laravel-datatables-oracle/src/DataTableAbstract.php(705): Yajra\\DataTables\\QueryDataTable->filteredCount()
#14 /home/team05/lika.teamjaketech.com/vendor/yajra/laravel-datatables-oracle/src/QueryDataTable.php(142): Yajra\\DataTables\\DataTableAbstract->filterRecords()
#15 /home/team05/lika.teamjaketech.com/vendor/yajra/laravel-datatables-oracle/src/QueryDataTable.php(99): Yajra\\DataTables\\QueryDataTable->prepareQuery()
#16 /home/team05/lika.teamjaketech.com/Modules/Accounting/Http/Controllers/JournalEntryController.php(114): Yajra\\DataTables\\QueryDataTable->make()
#17 /home/team05/lika.teamjaketech.com/vendor/laravel/framework/src/Illuminate/Routing/Controller.php(54): Modules\\Accounting\\Http\\Controllers\\JournalEntryController->index()
#18 /home/team05/lika.teamjaketech.com/vendor/laravel/framework/src/Illuminate/Routing/ControllerDispatcher.php(43): Illuminate\\Routing\\Controller->callAction()
#19 /home/team05/lika.teamjaketech.com/vendor/laravel/framework/src/Illuminate/Routing/Route.php(259): Illuminate\\Routing\\ControllerDispatcher->dispatch()
#20 /home/team05/lika.teamjaketech.com/vendor/laravel/framework/src/Illuminate/Routing/Route.php(205): Illuminate\\Routing\\Route->runController()
#21 /home/team05/lika.teamjaketech.com/vendor/laravel/framework/src/Illuminate/Routing/Router.php(798): Illuminate\\Routing\\Route->run()
#22 /home/team05/lika.teamjaketech.com/vendor/laravel/framework/src/Illuminate/Pipeline/Pipeline.php(141): Illuminate\\Routing\\Router->Illuminate\\Routing\\{closure}()
#23 /home/team05/lika.teamjaketech.com/app/Http/Middleware/AdminSidebarMenu.php(22): Illuminate\\Pipeline\\Pipeline->Illuminate\\Pipeline\\{closure}()
#24 /home/team05/lika.teamjaketech.com/vendor/laravel/framework/src/Illuminate/Pipeline/Pipeline.php(180): App\\Http\\Middleware\\AdminSidebarMenu->handle()
#25 /home/team05/lika.teamjaketech.com/app/Http/Middleware/Timezone.php(30): Illuminate\\Pipeline\\Pipeline->Illuminate\\Pipeline\\{closure}()
#26 /home/team05/lika.teamjaketech.com/vendor/laravel/framework/src/Illuminate/Pipeline/Pipeline.php(180): App\\Http\\Middleware\\Timezone->handle()
#27 /home/team05/lika.teamjaketech.com/app/Http/Middleware/Language.php(25): Illuminate\\Pipeline\\Pipeline->Illuminate\\Pipeline\\{closure}()
#28 /home/team05/lika.teamjaketech.com/vendor/laravel/framework/src/Illuminate/Pipeline/Pipeline.php(180): App\\Http\\Middleware\\Language->handle()
#29 /home/team05/lika.teamjaketech.com/app/Http/Middleware/SetSessionData.php(52): Illuminate\\Pipeline\\Pipeline->Illuminate\\Pipeline\\{closure}()
#30 /home/team05/lika.teamjaketech.com/vendor/laravel/framework/src/Illuminate/Pipeline/Pipeline.php(180): App\\Http\\Middleware\\SetSessionData->handle()
#31 /home/team05/lika.teamjaketech.com/vendor/laravel/framework/src/Illuminate/Routing/Middleware/SubstituteBindings.php(50): Illuminate\\Pipeline\\Pipeline->Illuminate\\Pipeline\\{closure}()
#32 /home/team05/lika.teamjaketech.com/vendor/laravel/framework/src/Illuminate/Pipeline/Pipeline.php(180): Illuminate\\Routing\\Middleware\\SubstituteBindings->handle()
#33 /home/team05/lika.teamjaketech.com/vendor/laravel/framework/src/Illuminate/Auth/Middleware/Authenticate.php(44): Illuminate\\Pipeline\\Pipeline->Illuminate\\Pipeline\\{closure}()
#34 /home/team05/lika.teamjaketech.com/vendor/laravel/framework/src/Illuminate/Pipeline/Pipeline.php(180): Illuminate\\Auth\\Middleware\\Authenticate->handle()
#35 /home/team05/lika.teamjaketech.com/vendor/laravel/framework/src/Illuminate/Foundation/Http/Middleware/VerifyCsrfToken.php(78): Illuminate\\Pipeline\\Pipeline->Illuminate\\Pipeline\\{closure}()
#36 /home/team05/lika.teamjaketech.com/vendor/laravel/framework/src/Illuminate/Pipeline/Pipeline.php(180): Illuminate\\Foundation\\Http\\Middleware\\VerifyCsrfToken->handle()
#37 /home/team05/lika.teamjaketech.com/vendor/laravel/framework/src/Illuminate/View/Middleware/ShareErrorsFromSession.php(49): Illuminate\\Pipeline\\Pipeline->Illuminate\\Pipeline\\{closure}()
#38 /home/team05/lika.teamjaketech.com/vendor/laravel/framework/src/Illuminate/Pipeline/Pipeline.php(180): Illuminate\\View\\Middleware\\ShareErrorsFromSession->handle()
#39 /home/team05/lika.teamjaketech.com/vendor/laravel/framework/src/Illuminate/Session/Middleware/StartSession.php(121): Illuminate\\Pipeline\\Pipeline->Illuminate\\Pipeline\\{closure}()
#40 /home/team05/lika.teamjaketech.com/vendor/laravel/framework/src/Illuminate/Session/Middleware/StartSession.php(64): Illuminate\\Session\\Middleware\\StartSession->handleStatefulRequest()
#41 /home/team05/lika.teamjaketech.com/vendor/laravel/framework/src/Illuminate/Pipeline/Pipeline.php(180): Illuminate\\Session\\Middleware\\StartSession->handle()
#42 /home/team05/lika.teamjaketech.com/vendor/laravel/framework/src/Illuminate/Cookie/Middleware/AddQueuedCookiesToResponse.php(37): Illuminate\\Pipeline\\Pipeline->Illuminate\\Pipeline\\{closure}()
#43 /home/team05/lika.teamjaketech.com/vendor/laravel/framework/src/Illuminate/Pipeline/Pipeline.php(180): Illuminate\\Cookie\\Middleware\\AddQueuedCookiesToResponse->handle()
#44 /home/team05/lika.teamjaketech.com/vendor/laravel/framework/src/Illuminate/Cookie/Middleware/EncryptCookies.php(67): Illuminate\\Pipeline\\Pipeline->Illuminate\\Pipeline\\{closure}()
#45 /home/team05/lika.teamjaketech.com/vendor/laravel/framework/src/Illuminate/Pipeline/Pipeline.php(180): Illuminate\\Cookie\\Middleware\\EncryptCookies->handle()
#46 /home/team05/lika.teamjaketech.com/vendor/laravel/framework/src/Illuminate/Pipeline/Pipeline.php(116): Illuminate\\Pipeline\\Pipeline->Illuminate\\Pipeline\\{closure}()
#47 /home/team05/lika.teamjaketech.com/vendor/laravel/framework/src/Illuminate/Routing/Router.php(797): Illuminate\\Pipeline\\Pipeline->then()
#48 /home/team05/lika.teamjaketech.com/vendor/laravel/framework/src/Illuminate/Routing/Router.php(776): Illuminate\\Routing\\Router->runRouteWithinStack()
#49 /home/team05/lika.teamjaketech.com/vendor/laravel/framework/src/Illuminate/Routing/Router.php(740): Illuminate\\Routing\\Router->runRoute()
#50 /home/team05/lika.teamjaketech.com/vendor/laravel/framework/src/Illuminate/Routing/Router.php(729): Illuminate\\Routing\\Router->dispatchToRoute()
#51 /home/team05/lika.teamjaketech.com/vendor/laravel/framework/src/Illuminate/Foundation/Http/Kernel.php(190): Illuminate\\Routing\\Router->dispatch()
#52 /home/team05/lika.teamjaketech.com/vendor/laravel/framework/src/Illuminate/Pipeline/Pipeline.php(141): Illuminate\\Foundation\\Http\\Kernel->Illuminate\\Foundation\\Http\\{closure}()
#53 /home/team05/lika.teamjaketech.com/vendor/barryvdh/laravel-debugbar/src/Middleware/InjectDebugbar.php(59): Illuminate\\Pipeline\\Pipeline->Illuminate\\Pipeline\\{closure}()
#54 /home/team05/lika.teamjaketech.com/vendor/laravel/framework/src/Illuminate/Pipeline/Pipeline.php(180): Barryvdh\\Debugbar\\Middleware\\InjectDebugbar->handle()
#55 /home/team05/lika.teamjaketech.com/vendor/laravel/framework/src/Illuminate/Foundation/Http/Middleware/TransformsRequest.php(21): Illuminate\\Pipeline\\Pipeline->Illuminate\\Pipeline\\{closure}()
#56 /home/team05/lika.teamjaketech.com/vendor/laravel/framework/src/Illuminate/Foundation/Http/Middleware/ConvertEmptyStringsToNull.php(31): Illuminate\\Foundation\\Http\\Middleware\\TransformsRequest->handle()
#57 /home/team05/lika.teamjaketech.com/vendor/laravel/framework/src/Illuminate/Pipeline/Pipeline.php(180): Illuminate\\Foundation\\Http\\Middleware\\ConvertEmptyStringsToNull->handle()
#58 /home/team05/lika.teamjaketech.com/vendor/laravel/framework/src/Illuminate/Foundation/Http/Middleware/TransformsRequest.php(21): Illuminate\\Pipeline\\Pipeline->Illuminate\\Pipeline\\{closure}()
#59 /home/team05/lika.teamjaketech.com/vendor/laravel/framework/src/Illuminate/Foundation/Http/Middleware/TrimStrings.php(40): Illuminate\\Foundation\\Http\\Middleware\\TransformsRequest->handle()
#60 /home/team05/lika.teamjaketech.com/vendor/laravel/framework/src/Illuminate/Pipeline/Pipeline.php(180): Illuminate\\Foundation\\Http\\Middleware\\TrimStrings->handle()
#61 /home/team05/lika.teamjaketech.com/vendor/laravel/framework/src/Illuminate/Foundation/Http/Middleware/ValidatePostSize.php(27): Illuminate\\Pipeline\\Pipeline->Illuminate\\Pipeline\\{closure}()
#62 /home/team05/lika.teamjaketech.com/vendor/laravel/framework/src/Illuminate/Pipeline/Pipeline.php(180): Illuminate\\Foundation\\Http\\Middleware\\ValidatePostSize->handle()
#63 /home/team05/lika.teamjaketech.com/vendor/laravel/framework/src/Illuminate/Foundation/Http/Middleware/PreventRequestsDuringMaintenance.php(86): Illuminate\\Pipeline\\Pipeline->Illuminate\\Pipeline\\{closure}()
#64 /home/team05/lika.teamjaketech.com/vendor/laravel/framework/src/Illuminate/Pipeline/Pipeline.php(180): Illuminate\\Foundation\\Http\\Middleware\\PreventRequestsDuringMaintenance->handle()
#65 /home/team05/lika.teamjaketech.com/vendor/laravel/framework/src/Illuminate/Http/Middleware/HandleCors.php(49): Illuminate\\Pipeline\\Pipeline->Illuminate\\Pipeline\\{closure}()
#66 /home/team05/lika.teamjaketech.com/vendor/laravel/framework/src/Illuminate/Pipeline/Pipeline.php(180): Illuminate\\Http\\Middleware\\HandleCors->handle()
#67 /home/team05/lika.teamjaketech.com/vendor/laravel/framework/src/Illuminate/Http/Middleware/TrustProxies.php(39): Illuminate\\Pipeline\\Pipeline->Illuminate\\Pipeline\\{closure}()
#68 /home/team05/lika.teamjaketech.com/vendor/laravel/framework/src/Illuminate/Pipeline/Pipeline.php(180): Illuminate\\Http\\Middleware\\TrustProxies->handle()
#69 /home/team05/lika.teamjaketech.com/vendor/laravel/framework/src/Illuminate/Pipeline/Pipeline.php(116): Illuminate\\Pipeline\\Pipeline->Illuminate\\Pipeline\\{closure}()
#70 /home/team05/lika.teamjaketech.com/vendor/laravel/framework/src/Illuminate/Foundation/Http/Kernel.php(165): Illuminate\\Pipeline\\Pipeline->then()
#71 /home/team05/lika.teamjaketech.com/vendor/laravel/framework/src/Illuminate/Foundation/Http/Kernel.php(134): Illuminate\\Foundation\\Http\\Kernel->sendRequestThroughRouter()
#72 /home/team05/lika.teamjaketech.com/public/index.php(51): Illuminate\\Foundation\\Http\\Kernel->handle()
#73 {main}
"} 
[2026-04-17 10:10:57] local.ERROR: SQLSTATE[42S22]: Column not found: 1054 Unknown column 'accounting_acc_trans_mappings.added_by' in 'WHERE' (SQL: select count(*) as aggregate from `accounting_acc_trans_mappings` inner join `users` as `u` on `accounting_acc_trans_mappings`.`created_by` = `u`.`id` where `accounting_acc_trans_mappings`.`business_id` = 2 and `accounting_acc_trans_mappings`.`type` in (journal_entry, fixed_asset_depreciation, fixed_asset_acquisition, fixed_asset_disposal) and date(`accounting_acc_trans_mappings`.`operation_date`) >= 2026-01-01 and date(`accounting_acc_trans_mappings`.`operation_date`) <= 2026-12-31 and (LOWER(`accounting_acc_trans_mappings`.`operation_date`) LIKE %prep% or LOWER(`accounting_acc_trans_mappings`.`ref_no`) LIKE %prep% or LOWER(`accounting_acc_trans_mappings`.`added_by`) LIKE %prep% or LOWER(`accounting_acc_trans_mappings`.`note`) LIKE %prep%)) {"userId":14,"exception":"[object] (Illuminate\\Database\\QueryException(code: 42S22): SQLSTATE[42S22]: Column not found: 1054 Unknown column 'accounting_acc_trans_mappings.added_by' in 'WHERE' (SQL: select count(*) as aggregate from `accounting_acc_trans_mappings` inner join `users` as `u` on `accounting_acc_trans_mappings`.`created_by` = `u`.`id` where `accounting_acc_trans_mappings`.`business_id` = 2 and `accounting_acc_trans_mappings`.`type` in (journal_entry, fixed_asset_depreciation, fixed_asset_acquisition, fixed_asset_disposal) and date(`accounting_acc_trans_mappings`.`operation_date`) >= 2026-01-01 and date(`accounting_acc_trans_mappings`.`operation_date`) <= 2026-12-31 and (LOWER(`accounting_acc_trans_mappings`.`operation_date`) LIKE %prep% or LOWER(`accounting_acc_trans_mappings`.`ref_no`) LIKE %prep% or LOWER(`accounting_acc_trans_mappings`.`added_by`) LIKE %prep% or LOWER(`accounting_acc_trans_mappings`.`note`) LIKE %prep%)) at /home/team05/lika.teamjaketech.com/vendor/laravel/framework/src/Illuminate/Database/Connection.php:760)
[stacktrace]
#0 /home/team05/lika.teamjaketech.com/vendor/laravel/framework/src/Illuminate/Database/Connection.php(720): Illuminate\\Database\\Connection->runQueryCallback()
#1 /home/team05/lika.teamjaketech.com/vendor/laravel/framework/src/Illuminate/Database/Connection.php(405): Illuminate\\Database\\Connection->run()
#2 /home/team05/lika.teamjaketech.com/vendor/laravel/framework/src/Illuminate/Database/Query/Builder.php(2705): Illuminate\\Database\\Connection->select()
#3 /home/team05/lika.teamjaketech.com/vendor/laravel/framework/src/Illuminate/Database/Query/Builder.php(2694): Illuminate\\Database\\Query\\Builder->runSelect()
#4 /home/team05/lika.teamjaketech.com/vendor/laravel/framework/src/Illuminate/Database/Query/Builder.php(3230): Illuminate\\Database\\Query\\Builder->Illuminate\\Database\\Query\\{closure}()
#5 /home/team05/lika.teamjaketech.com/vendor/laravel/framework/src/Illuminate/Database/Query/Builder.php(2693): Illuminate\\Database\\Query\\Builder->onceWithColumns()
#6 /home/team05/lika.teamjaketech.com/vendor/laravel/framework/src/Illuminate/Database/Query/Builder.php(3157): Illuminate\\Database\\Query\\Builder->get()
#7 /home/team05/lika.teamjaketech.com/vendor/laravel/framework/src/Illuminate/Database/Query/Builder.php(3085): Illuminate\\Database\\Query\\Builder->aggregate()
#8 /home/team05/lika.teamjaketech.com/vendor/laravel/framework/src/Illuminate/Database/Eloquent/Builder.php(1869): Illuminate\\Database\\Query\\Builder->count()
#9 /home/team05/lika.teamjaketech.com/vendor/yajra/laravel-datatables-oracle/src/QueryDataTable.php(215): Illuminate\\Database\\Eloquent\\Builder->__call()
#10 /home/team05/lika.teamjaketech.com/vendor/yajra/laravel-datatables-oracle/src/QueryDataTable.php(200): Yajra\\DataTables\\QueryDataTable->count()
#11 /home/team05/lika.teamjaketech.com/vendor/yajra/laravel-datatables-oracle/src/DataTableAbstract.php(705): Yajra\\DataTables\\QueryDataTable->filteredCount()
#12 /home/team05/lika.teamjaketech.com/vendor/yajra/laravel-datatables-oracle/src/QueryDataTable.php(142): Yajra\\DataTables\\DataTableAbstract->filterRecords()
#13 /home/team05/lika.teamjaketech.com/vendor/yajra/laravel-datatables-oracle/src/QueryDataTable.php(99): Yajra\\DataTables\\QueryDataTable->prepareQuery()
#14 /home/team05/lika.teamjaketech.com/Modules/Accounting/Http/Controllers/JournalEntryController.php(114): Yajra\\DataTables\\QueryDataTable->make()
#15 /home/team05/lika.teamjaketech.com/vendor/laravel/framework/src/Illuminate/Routing/Controller.php(54): Modules\\Accounting\\Http\\Controllers\\JournalEntryController->index()
#16 /home/team05/lika.teamjaketech.com/vendor/laravel/framework/src/Illuminate/Routing/ControllerDispatcher.php(43): Illuminate\\Routing\\Controller->callAction()
#17 /home/team05/lika.teamjaketech.com/vendor/laravel/framework/src/Illuminate/Routing/Route.php(259): Illuminate\\Routing\\ControllerDispatcher->dispatch()
#18 /home/team05/lika.teamjaketech.com/vendor/laravel/framework/src/Illuminate/Routing/Route.php(205): Illuminate\\Routing\\Route->runController()
#19 /home/team05/lika.teamjaketech.com/vendor/laravel/framework/src/Illuminate/Routing/Router.php(798): Illuminate\\Routing\\Route->run()
#20 /home/team05/lika.teamjaketech.com/vendor/laravel/framework/src/Illuminate/Pipeline/Pipeline.php(141): Illuminate\\Routing\\Router->Illuminate\\Routing\\{closure}()
#21 /home/team05/lika.teamjaketech.com/app/Http/Middleware/AdminSidebarMenu.php(22): Illuminate\\Pipeline\\Pipeline->Illuminate\\Pipeline\\{closure}()
#22 /home/team05/lika.teamjaketech.com/vendor/laravel/framework/src/Illuminate/Pipeline/Pipeline.php(180): App\\Http\\Middleware\\AdminSidebarMenu->handle()
#23 /home/team05/lika.teamjaketech.com/app/Http/Middleware/Timezone.php(30): Illuminate\\Pipeline\\Pipeline->Illuminate\\Pipeline\\{closure}()
#24 /home/team05/lika.teamjaketech.com/vendor/laravel/framework/src/Illuminate/Pipeline/Pipeline.php(180): App\\Http\\Middleware\\Timezone->handle()
#25 /home/team05/lika.teamjaketech.com/app/Http/Middleware/Language.php(25): Illuminate\\Pipeline\\Pipeline->Illuminate\\Pipeline\\{closure}()
#26 /home/team05/lika.teamjaketech.com/vendor/laravel/framework/src/Illuminate/Pipeline/Pipeline.php(180): App\\Http\\Middleware\\Language->handle()
#27 /home/team05/lika.teamjaketech.com/app/Http/Middleware/SetSessionData.php(52): Illuminate\\Pipeline\\Pipeline->Illuminate\\Pipeline\\{closure}()
#28 /home/team05/lika.teamjaketech.com/vendor/laravel/framework/src/Illuminate/Pipeline/Pipeline.php(180): App\\Http\\Middleware\\SetSessionData->handle()
#29 /home/team05/lika.teamjaketech.com/vendor/laravel/framework/src/Illuminate/Routing/Middleware/SubstituteBindings.php(50): Illuminate\\Pipeline\\Pipeline->Illuminate\\Pipeline\\{closure}()
#30 /home/team05/lika.teamjaketech.com/vendor/laravel/framework/src/Illuminate/Pipeline/Pipeline.php(180): Illuminate\\Routing\\Middleware\\SubstituteBindings->handle()
#31 /home/team05/lika.teamjaketech.com/vendor/laravel/framework/src/Illuminate/Auth/Middleware/Authenticate.php(44): Illuminate\\Pipeline\\Pipeline->Illuminate\\Pipeline\\{closure}()
#32 /home/team05/lika.teamjaketech.com/vendor/laravel/framework/src/Illuminate/Pipeline/Pipeline.php(180): Illuminate\\Auth\\Middleware\\Authenticate->handle()
#33 /home/team05/lika.teamjaketech.com/vendor/laravel/framework/src/Illuminate/Foundation/Http/Middleware/VerifyCsrfToken.php(78): Illuminate\\Pipeline\\Pipeline->Illuminate\\Pipeline\\{closure}()
#34 /home/team05/lika.teamjaketech.com/vendor/laravel/framework/src/Illuminate/Pipeline/Pipeline.php(180): Illuminate\\Foundation\\Http\\Middleware\\VerifyCsrfToken->handle()
#35 /home/team05/lika.teamjaketech.com/vendor/laravel/framework/src/Illuminate/View/Middleware/ShareErrorsFromSession.php(49): Illuminate\\Pipeline\\Pipeline->Illuminate\\Pipeline\\{closure}()
#36 /home/team05/lika.teamjaketech.com/vendor/laravel/framework/src/Illuminate/Pipeline/Pipeline.php(180): Illuminate\\View\\Middleware\\ShareErrorsFromSession->handle()
#37 /home/team05/lika.teamjaketech.com/vendor/laravel/framework/src/Illuminate/Session/Middleware/StartSession.php(121): Illuminate\\Pipeline\\Pipeline->Illuminate\\Pipeline\\{closure}()
#38 /home/team05/lika.teamjaketech.com/vendor/laravel/framework/src/Illuminate/Session/Middleware/StartSession.php(64): Illuminate\\Session\\Middleware\\StartSession->handleStatefulRequest()
#39 /home/team05/lika.teamjaketech.com/vendor/laravel/framework/src/Illuminate/Pipeline/Pipeline.php(180): Illuminate\\Session\\Middleware\\StartSession->handle()
#40 /home/team05/lika.teamjaketech.com/vendor/laravel/framework/src/Illuminate/Cookie/Middleware/AddQueuedCookiesToResponse.php(37): Illuminate\\Pipeline\\Pipeline->Illuminate\\Pipeline\\{closure}()
#41 /home/team05/lika.teamjaketech.com/vendor/laravel/framework/src/Illuminate/Pipeline/Pipeline.php(180): Illuminate\\Cookie\\Middleware\\AddQueuedCookiesToResponse->handle()
#42 /home/team05/lika.teamjaketech.com/vendor/laravel/framework/src/Illuminate/Cookie/Middleware/EncryptCookies.php(67): Illuminate\\Pipeline\\Pipeline->Illuminate\\Pipeline\\{closure}()
#43 /home/team05/lika.teamjaketech.com/vendor/laravel/framework/src/Illuminate/Pipeline/Pipeline.php(180): Illuminate\\Cookie\\Middleware\\EncryptCookies->handle()
#44 /home/team05/lika.teamjaketech.com/vendor/laravel/framework/src/Illuminate/Pipeline/Pipeline.php(116): Illuminate\\Pipeline\\Pipeline->Illuminate\\Pipeline\\{closure}()
#45 /home/team05/lika.teamjaketech.com/vendor/laravel/framework/src/Illuminate/Routing/Router.php(797): Illuminate\\Pipeline\\Pipeline->then()
#46 /home/team05/lika.teamjaketech.com/vendor/laravel/framework/src/Illuminate/Routing/Router.php(776): Illuminate\\Routing\\Router->runRouteWithinStack()
#47 /home/team05/lika.teamjaketech.com/vendor/laravel/framework/src/Illuminate/Routing/Router.php(740): Illuminate\\Routing\\Router->runRoute()
#48 /home/team05/lika.teamjaketech.com/vendor/laravel/framework/src/Illuminate/Routing/Router.php(729): Illuminate\\Routing\\Router->dispatchToRoute()
#49 /home/team05/lika.teamjaketech.com/vendor/laravel/framework/src/Illuminate/Foundation/Http/Kernel.php(190): Illuminate\\Routing\\Router->dispatch()
#50 /home/team05/lika.teamjaketech.com/vendor/laravel/framework/src/Illuminate/Pipeline/Pipeline.php(141): Illuminate\\Foundation\\Http\\Kernel->Illuminate\\Foundation\\Http\\{closure}()
#51 /home/team05/lika.teamjaketech.com/vendor/barryvdh/laravel-debugbar/src/Middleware/InjectDebugbar.php(59): Illuminate\\Pipeline\\Pipeline->Illuminate\\Pipeline\\{closure}()
#52 /home/team05/lika.teamjaketech.com/vendor/laravel/framework/src/Illuminate/Pipeline/Pipeline.php(180): Barryvdh\\Debugbar\\Middleware\\InjectDebugbar->handle()
#53 /home/team05/lika.teamjaketech.com/vendor/laravel/framework/src/Illuminate/Foundation/Http/Middleware/TransformsRequest.php(21): Illuminate\\Pipeline\\Pipeline->Illuminate\\Pipeline\\{closure}()
#54 /home/team05/lika.teamjaketech.com/vendor/laravel/framework/src/Illuminate/Foundation/Http/Middleware/ConvertEmptyStringsToNull.php(31): Illuminate\\Foundation\\Http\\Middleware\\TransformsRequest->handle()
#55 /home/team05/lika.teamjaketech.com/vendor/laravel/framework/src/Illuminate/Pipeline/Pipeline.php(180): Illuminate\\Foundation\\Http\\Middleware\\ConvertEmptyStringsToNull->handle()
#56 /home/team05/lika.teamjaketech.com/vendor/laravel/framework/src/Illuminate/Foundation/Http/Middleware/TransformsRequest.php(21): Illuminate\\Pipeline\\Pipeline->Illuminate\\Pipeline\\{closure}()
#57 /home/team05/lika.teamjaketech.com/vendor/laravel/framework/src/Illuminate/Foundation/Http/Middleware/TrimStrings.php(40): Illuminate\\Foundation\\Http\\Middleware\\TransformsRequest->handle()
#58 /home/team05/lika.teamjaketech.com/vendor/laravel/framework/src/Illuminate/Pipeline/Pipeline.php(180): Illuminate\\Foundation\\Http\\Middleware\\TrimStrings->handle()
#59 /home/team05/lika.teamjaketech.com/vendor/laravel/framework/src/Illuminate/Foundation/Http/Middleware/ValidatePostSize.php(27): Illuminate\\Pipeline\\Pipeline->Illuminate\\Pipeline\\{closure}()
#60 /home/team05/lika.teamjaketech.com/vendor/laravel/framework/src/Illuminate/Pipeline/Pipeline.php(180): Illuminate\\Foundation\\Http\\Middleware\\ValidatePostSize->handle()
#61 /home/team05/lika.teamjaketech.com/vendor/laravel/framework/src/Illuminate/Foundation/Http/Middleware/PreventRequestsDuringMaintenance.php(86): Illuminate\\Pipeline\\Pipeline->Illuminate\\Pipeline\\{closure}()
#62 /home/team05/lika.teamjaketech.com/vendor/laravel/framework/src/Illuminate/Pipeline/Pipeline.php(180): Illuminate\\Foundation\\Http\\Middleware\\PreventRequestsDuringMaintenance->handle()
#63 /home/team05/lika.teamjaketech.com/vendor/laravel/framework/src/Illuminate/Http/Middleware/HandleCors.php(49): Illuminate\\Pipeline\\Pipeline->Illuminate\\Pipeline\\{closure}()
#64 /home/team05/lika.teamjaketech.com/vendor/laravel/framework/src/Illuminate/Pipeline/Pipeline.php(180): Illuminate\\Http\\Middleware\\HandleCors->handle()
#65 /home/team05/lika.teamjaketech.com/vendor/laravel/framework/src/Illuminate/Http/Middleware/TrustProxies.php(39): Illuminate\\Pipeline\\Pipeline->Illuminate\\Pipeline\\{closure}()
#66 /home/team05/lika.teamjaketech.com/vendor/laravel/framework/src/Illuminate/Pipeline/Pipeline.php(180): Illuminate\\Http\\Middleware\\TrustProxies->handle()
#67 /home/team05/lika.teamjaketech.com/vendor/laravel/framework/src/Illuminate/Pipeline/Pipeline.php(116): Illuminate\\Pipeline\\Pipeline->Illuminate\\Pipeline\\{closure}()
#68 /home/team05/lika.teamjaketech.com/vendor/laravel/framework/src/Illuminate/Foundation/Http/Kernel.php(165): Illuminate\\Pipeline\\Pipeline->then()
#69 /home/team05/lika.teamjaketech.com/vendor/laravel/framework/src/Illuminate/Foundation/Http/Kernel.php(134): Illuminate\\Foundation\\Http\\Kernel->sendRequestThroughRouter()
#70 /home/team05/lika.teamjaketech.com/public/index.php(51): Illuminate\\Foundation\\Http\\Kernel->handle()
#71 {main}

[previous exception] [object] (PDOException(code: 42S22): SQLSTATE[42S22]: Column not found: 1054 Unknown column 'accounting_acc_trans_mappings.added_by' in 'WHERE' at /home/team05/lika.teamjaketech.com/vendor/laravel/framework/src/Illuminate/Database/Connection.php:414)
[stacktrace]
#0 /home/team05/lika.teamjaketech.com/vendor/laravel/framework/src/Illuminate/Database/Connection.php(414): PDO->prepare()
#1 /home/team05/lika.teamjaketech.com/vendor/laravel/framework/src/Illuminate/Database/Connection.php(753): Illuminate\\Database\\Connection->Illuminate\\Database\\{closure}()
#2 /home/team05/lika.teamjaketech.com/vendor/laravel/framework/src/Illuminate/Database/Connection.php(720): Illuminate\\Database\\Connection->runQueryCallback()
#3 /home/team05/lika.teamjaketech.com/vendor/laravel/framework/src/Illuminate/Database/Connection.php(405): Illuminate\\Database\\Connection->run()
#4 /home/team05/lika.teamjaketech.com/vendor/laravel/framework/src/Illuminate/Database/Query/Builder.php(2705): Illuminate\\Database\\Connection->select()
#5 /home/team05/lika.teamjaketech.com/vendor/laravel/framework/src/Illuminate/Database/Query/Builder.php(2694): Illuminate\\Database\\Query\\Builder->runSelect()
#6 /home/team05/lika.teamjaketech.com/vendor/laravel/framework/src/Illuminate/Database/Query/Builder.php(3230): Illuminate\\Database\\Query\\Builder->Illuminate\\Database\\Query\\{closure}()
#7 /home/team05/lika.teamjaketech.com/vendor/laravel/framework/src/Illuminate/Database/Query/Builder.php(2693): Illuminate\\Database\\Query\\Builder->onceWithColumns()
#8 /home/team05/lika.teamjaketech.com/vendor/laravel/framework/src/Illuminate/Database/Query/Builder.php(3157): Illuminate\\Database\\Query\\Builder->get()
#9 /home/team05/lika.teamjaketech.com/vendor/laravel/framework/src/Illuminate/Database/Query/Builder.php(3085): Illuminate\\Database\\Query\\Builder->aggregate()
#10 /home/team05/lika.teamjaketech.com/vendor/laravel/framework/src/Illuminate/Database/Eloquent/Builder.php(1869): Illuminate\\Database\\Query\\Builder->count()
#11 /home/team05/lika.teamjaketech.com/vendor/yajra/laravel-datatables-oracle/src/QueryDataTable.php(215): Illuminate\\Database\\Eloquent\\Builder->__call()
#12 /home/team05/lika.teamjaketech.com/vendor/yajra/laravel-datatables-oracle/src/QueryDataTable.php(200): Yajra\\DataTables\\QueryDataTable->count()
#13 /home/team05/lika.teamjaketech.com/vendor/yajra/laravel-datatables-oracle/src/DataTableAbstract.php(705): Yajra\\DataTables\\QueryDataTable->filteredCount()
#14 /home/team05/lika.teamjaketech.com/vendor/yajra/laravel-datatables-oracle/src/QueryDataTable.php(142): Yajra\\DataTables\\DataTableAbstract->filterRecords()
#15 /home/team05/lika.teamjaketech.com/vendor/yajra/laravel-datatables-oracle/src/QueryDataTable.php(99): Yajra\\DataTables\\QueryDataTable->prepareQuery()
#16 /home/team05/lika.teamjaketech.com/Modules/Accounting/Http/Controllers/JournalEntryController.php(114): Yajra\\DataTables\\QueryDataTable->make()
#17 /home/team05/lika.teamjaketech.com/vendor/laravel/framework/src/Illuminate/Routing/Controller.php(54): Modules\\Accounting\\Http\\Controllers\\JournalEntryController->index()
#18 /home/team05/lika.teamjaketech.com/vendor/laravel/framework/src/Illuminate/Routing/ControllerDispatcher.php(43): Illuminate\\Routing\\Controller->callAction()
#19 /home/team05/lika.teamjaketech.com/vendor/laravel/framework/src/Illuminate/Routing/Route.php(259): Illuminate\\Routing\\ControllerDispatcher->dispatch()
#20 /home/team05/lika.teamjaketech.com/vendor/laravel/framework/src/Illuminate/Routing/Route.php(205): Illuminate\\Routing\\Route->runController()
#21 /home/team05/lika.teamjaketech.com/vendor/laravel/framework/src/Illuminate/Routing/Router.php(798): Illuminate\\Routing\\Route->run()
#22 /home/team05/lika.teamjaketech.com/vendor/laravel/framework/src/Illuminate/Pipeline/Pipeline.php(141): Illuminate\\Routing\\Router->Illuminate\\Routing\\{closure}()
#23 /home/team05/lika.teamjaketech.com/app/Http/Middleware/AdminSidebarMenu.php(22): Illuminate\\Pipeline\\Pipeline->Illuminate\\Pipeline\\{closure}()
#24 /home/team05/lika.teamjaketech.com/vendor/laravel/framework/src/Illuminate/Pipeline/Pipeline.php(180): App\\Http\\Middleware\\AdminSidebarMenu->handle()
#25 /home/team05/lika.teamjaketech.com/app/Http/Middleware/Timezone.php(30): Illuminate\\Pipeline\\Pipeline->Illuminate\\Pipeline\\{closure}()
#26 /home/team05/lika.teamjaketech.com/vendor/laravel/framework/src/Illuminate/Pipeline/Pipeline.php(180): App\\Http\\Middleware\\Timezone->handle()
#27 /home/team05/lika.teamjaketech.com/app/Http/Middleware/Language.php(25): Illuminate\\Pipeline\\Pipeline->Illuminate\\Pipeline\\{closure}()
#28 /home/team05/lika.teamjaketech.com/vendor/laravel/framework/src/Illuminate/Pipeline/Pipeline.php(180): App\\Http\\Middleware\\Language->handle()
#29 /home/team05/lika.teamjaketech.com/app/Http/Middleware/SetSessionData.php(52): Illuminate\\Pipeline\\Pipeline->Illuminate\\Pipeline\\{closure}()
#30 /home/team05/lika.teamjaketech.com/vendor/laravel/framework/src/Illuminate/Pipeline/Pipeline.php(180): App\\Http\\Middleware\\SetSessionData->handle()
#31 /home/team05/lika.teamjaketech.com/vendor/laravel/framework/src/Illuminate/Routing/Middleware/SubstituteBindings.php(50): Illuminate\\Pipeline\\Pipeline->Illuminate\\Pipeline\\{closure}()
#32 /home/team05/lika.teamjaketech.com/vendor/laravel/framework/src/Illuminate/Pipeline/Pipeline.php(180): Illuminate\\Routing\\Middleware\\SubstituteBindings->handle()
#33 /home/team05/lika.teamjaketech.com/vendor/laravel/framework/src/Illuminate/Auth/Middleware/Authenticate.php(44): Illuminate\\Pipeline\\Pipeline->Illuminate\\Pipeline\\{closure}()
#34 /home/team05/lika.teamjaketech.com/vendor/laravel/framework/src/Illuminate/Pipeline/Pipeline.php(180): Illuminate\\Auth\\Middleware\\Authenticate->handle()
#35 /home/team05/lika.teamjaketech.com/vendor/laravel/framework/src/Illuminate/Foundation/Http/Middleware/VerifyCsrfToken.php(78): Illuminate\\Pipeline\\Pipeline->Illuminate\\Pipeline\\{closure}()
#36 /home/team05/lika.teamjaketech.com/vendor/laravel/framework/src/Illuminate/Pipeline/Pipeline.php(180): Illuminate\\Foundation\\Http\\Middleware\\VerifyCsrfToken->handle()
#37 /home/team05/lika.teamjaketech.com/vendor/laravel/framework/src/Illuminate/View/Middleware/ShareErrorsFromSession.php(49): Illuminate\\Pipeline\\Pipeline->Illuminate\\Pipeline\\{closure}()
#38 /home/team05/lika.teamjaketech.com/vendor/laravel/framework/src/Illuminate/Pipeline/Pipeline.php(180): Illuminate\\View\\Middleware\\ShareErrorsFromSession->handle()
#39 /home/team05/lika.teamjaketech.com/vendor/laravel/framework/src/Illuminate/Session/Middleware/StartSession.php(121): Illuminate\\Pipeline\\Pipeline->Illuminate\\Pipeline\\{closure}()
#40 /home/team05/lika.teamjaketech.com/vendor/laravel/framework/src/Illuminate/Session/Middleware/StartSession.php(64): Illuminate\\Session\\Middleware\\StartSession->handleStatefulRequest()
#41 /home/team05/lika.teamjaketech.com/vendor/laravel/framework/src/Illuminate/Pipeline/Pipeline.php(180): Illuminate\\Session\\Middleware\\StartSession->handle()
#42 /home/team05/lika.teamjaketech.com/vendor/laravel/framework/src/Illuminate/Cookie/Middleware/AddQueuedCookiesToResponse.php(37): Illuminate\\Pipeline\\Pipeline->Illuminate\\Pipeline\\{closure}()
#43 /home/team05/lika.teamjaketech.com/vendor/laravel/framework/src/Illuminate/Pipeline/Pipeline.php(180): Illuminate\\Cookie\\Middleware\\AddQueuedCookiesToResponse->handle()
#44 /home/team05/lika.teamjaketech.com/vendor/laravel/framework/src/Illuminate/Cookie/Middleware/EncryptCookies.php(67): Illuminate\\Pipeline\\Pipeline->Illuminate\\Pipeline\\{closure}()
#45 /home/team05/lika.teamjaketech.com/vendor/laravel/framework/src/Illuminate/Pipeline/Pipeline.php(180): Illuminate\\Cookie\\Middleware\\EncryptCookies->handle()
#46 /home/team05/lika.teamjaketech.com/vendor/laravel/framework/src/Illuminate/Pipeline/Pipeline.php(116): Illuminate\\Pipeline\\Pipeline->Illuminate\\Pipeline\\{closure}()
#47 /home/team05/lika.teamjaketech.com/vendor/laravel/framework/src/Illuminate/Routing/Router.php(797): Illuminate\\Pipeline\\Pipeline->then()
#48 /home/team05/lika.teamjaketech.com/vendor/laravel/framework/src/Illuminate/Routing/Router.php(776): Illuminate\\Routing\\Router->runRouteWithinStack()
#49 /home/team05/lika.teamjaketech.com/vendor/laravel/framework/src/Illuminate/Routing/Router.php(740): Illuminate\\Routing\\Router->runRoute()
#50 /home/team05/lika.teamjaketech.com/vendor/laravel/framework/src/Illuminate/Routing/Router.php(729): Illuminate\\Routing\\Router->dispatchToRoute()
#51 /home/team05/lika.teamjaketech.com/vendor/laravel/framework/src/Illuminate/Foundation/Http/Kernel.php(190): Illuminate\\Routing\\Router->dispatch()
#52 /home/team05/lika.teamjaketech.com/vendor/laravel/framework/src/Illuminate/Pipeline/Pipeline.php(141): Illuminate\\Foundation\\Http\\Kernel->Illuminate\\Foundation\\Http\\{closure}()
#53 /home/team05/lika.teamjaketech.com/vendor/barryvdh/laravel-debugbar/src/Middleware/InjectDebugbar.php(59): Illuminate\\Pipeline\\Pipeline->Illuminate\\Pipeline\\{closure}()
#54 /home/team05/lika.teamjaketech.com/vendor/laravel/framework/src/Illuminate/Pipeline/Pipeline.php(180): Barryvdh\\Debugbar\\Middleware\\InjectDebugbar->handle()
#55 /home/team05/lika.teamjaketech.com/vendor/laravel/framework/src/Illuminate/Foundation/Http/Middleware/TransformsRequest.php(21): Illuminate\\Pipeline\\Pipeline->Illuminate\\Pipeline\\{closure}()
#56 /home/team05/lika.teamjaketech.com/vendor/laravel/framework/src/Illuminate/Foundation/Http/Middleware/ConvertEmptyStringsToNull.php(31): Illuminate\\Foundation\\Http\\Middleware\\TransformsRequest->handle()
#57 /home/team05/lika.teamjaketech.com/vendor/laravel/framework/src/Illuminate/Pipeline/Pipeline.php(180): Illuminate\\Foundation\\Http\\Middleware\\ConvertEmptyStringsToNull->handle()
#58 /home/team05/lika.teamjaketech.com/vendor/laravel/framework/src/Illuminate/Foundation/Http/Middleware/TransformsRequest.php(21): Illuminate\\Pipeline\\Pipeline->Illuminate\\Pipeline\\{closure}()
#59 /home/team05/lika.teamjaketech.com/vendor/laravel/framework/src/Illuminate/Foundation/Http/Middleware/TrimStrings.php(40): Illuminate\\Foundation\\Http\\Middleware\\TransformsRequest->handle()
#60 /home/team05/lika.teamjaketech.com/vendor/laravel/framework/src/Illuminate/Pipeline/Pipeline.php(180): Illuminate\\Foundation\\Http\\Middleware\\TrimStrings->handle()
#61 /home/team05/lika.teamjaketech.com/vendor/laravel/framework/src/Illuminate/Foundation/Http/Middleware/ValidatePostSize.php(27): Illuminate\\Pipeline\\Pipeline->Illuminate\\Pipeline\\{closure}()
#62 /home/team05/lika.teamjaketech.com/vendor/laravel/framework/src/Illuminate/Pipeline/Pipeline.php(180): Illuminate\\Foundation\\Http\\Middleware\\ValidatePostSize->handle()
#63 /home/team05/lika.teamjaketech.com/vendor/laravel/framework/src/Illuminate/Foundation/Http/Middleware/PreventRequestsDuringMaintenance.php(86): Illuminate\\Pipeline\\Pipeline->Illuminate\\Pipeline\\{closure}()
#64 /home/team05/lika.teamjaketech.com/vendor/laravel/framework/src/Illuminate/Pipeline/Pipeline.php(180): Illuminate\\Foundation\\Http\\Middleware\\PreventRequestsDuringMaintenance->handle()
#65 /home/team05/lika.teamjaketech.com/vendor/laravel/framework/src/Illuminate/Http/Middleware/HandleCors.php(49): Illuminate\\Pipeline\\Pipeline->Illuminate\\Pipeline\\{closure}()
#66 /home/team05/lika.teamjaketech.com/vendor/laravel/framework/src/Illuminate/Pipeline/Pipeline.php(180): Illuminate\\Http\\Middleware\\HandleCors->handle()
#67 /home/team05/lika.teamjaketech.com/vendor/laravel/framework/src/Illuminate/Http/Middleware/TrustProxies.php(39): Illuminate\\Pipeline\\Pipeline->Illuminate\\Pipeline\\{closure}()
#68 /home/team05/lika.teamjaketech.com/vendor/laravel/framework/src/Illuminate/Pipeline/Pipeline.php(180): Illuminate\\Http\\Middleware\\TrustProxies->handle()
#69 /home/team05/lika.teamjaketech.com/vendor/laravel/framework/src/Illuminate/Pipeline/Pipeline.php(116): Illuminate\\Pipeline\\Pipeline->Illuminate\\Pipeline\\{closure}()
#70 /home/team05/lika.teamjaketech.com/vendor/laravel/framework/src/Illuminate/Foundation/Http/Kernel.php(165): Illuminate\\Pipeline\\Pipeline->then()
#71 /home/team05/lika.teamjaketech.com/vendor/laravel/framework/src/Illuminate/Foundation/Http/Kernel.php(134): Illuminate\\Foundation\\Http\\Kernel->sendRequestThroughRouter()
#72 /home/team05/lika.teamjaketech.com/public/index.php(51): Illuminate\\Foundation\\Http\\Kernel->handle()
#73 {main}
"} 
[2026-04-17 10:10:57] local.ERROR: SQLSTATE[42S22]: Column not found: 1054 Unknown column 'accounting_acc_trans_mappings.added_by' in 'WHERE' (SQL: select count(*) as aggregate from `accounting_acc_trans_mappings` inner join `users` as `u` on `accounting_acc_trans_mappings`.`created_by` = `u`.`id` where `accounting_acc_trans_mappings`.`business_id` = 2 and `accounting_acc_trans_mappings`.`type` in (journal_entry, fixed_asset_depreciation, fixed_asset_acquisition, fixed_asset_disposal) and date(`accounting_acc_trans_mappings`.`operation_date`) >= 2026-01-01 and date(`accounting_acc_trans_mappings`.`operation_date`) <= 2026-12-31 and (LOWER(`accounting_acc_trans_mappings`.`operation_date`) LIKE %prepaym% or LOWER(`accounting_acc_trans_mappings`.`ref_no`) LIKE %prepaym% or LOWER(`accounting_acc_trans_mappings`.`added_by`) LIKE %prepaym% or LOWER(`accounting_acc_trans_mappings`.`note`) LIKE %prepaym%)) {"userId":14,"exception":"[object] (Illuminate\\Database\\QueryException(code: 42S22): SQLSTATE[42S22]: Column not found: 1054 Unknown column 'accounting_acc_trans_mappings.added_by' in 'WHERE' (SQL: select count(*) as aggregate from `accounting_acc_trans_mappings` inner join `users` as `u` on `accounting_acc_trans_mappings`.`created_by` = `u`.`id` where `accounting_acc_trans_mappings`.`business_id` = 2 and `accounting_acc_trans_mappings`.`type` in (journal_entry, fixed_asset_depreciation, fixed_asset_acquisition, fixed_asset_disposal) and date(`accounting_acc_trans_mappings`.`operation_date`) >= 2026-01-01 and date(`accounting_acc_trans_mappings`.`operation_date`) <= 2026-12-31 and (LOWER(`accounting_acc_trans_mappings`.`operation_date`) LIKE %prepaym% or LOWER(`accounting_acc_trans_mappings`.`ref_no`) LIKE %prepaym% or LOWER(`accounting_acc_trans_mappings`.`added_by`) LIKE %prepaym% or LOWER(`accounting_acc_trans_mappings`.`note`) LIKE %prepaym%)) at /home/team05/lika.teamjaketech.com/vendor/laravel/framework/src/Illuminate/Database/Connection.php:760)
[stacktrace]
#0 /home/team05/lika.teamjaketech.com/vendor/laravel/framework/src/Illuminate/Database/Connection.php(720): Illuminate\\Database\\Connection->runQueryCallback()
#1 /home/team05/lika.teamjaketech.com/vendor/laravel/framework/src/Illuminate/Database/Connection.php(405): Illuminate\\Database\\Connection->run()
#2 /home/team05/lika.teamjaketech.com/vendor/laravel/framework/src/Illuminate/Database/Query/Builder.php(2705): Illuminate\\Database\\Connection->select()
#3 /home/team05/lika.teamjaketech.com/vendor/laravel/framework/src/Illuminate/Database/Query/Builder.php(2694): Illuminate\\Database\\Query\\Builder->runSelect()
#4 /home/team05/lika.teamjaketech.com/vendor/laravel/framework/src/Illuminate/Database/Query/Builder.php(3230): Illuminate\\Database\\Query\\Builder->Illuminate\\Database\\Query\\{closure}()
#5 /home/team05/lika.teamjaketech.com/vendor/laravel/framework/src/Illuminate/Database/Query/Builder.php(2693): Illuminate\\Database\\Query\\Builder->onceWithColumns()
#6 /home/team05/lika.teamjaketech.com/vendor/laravel/framework/src/Illuminate/Database/Query/Builder.php(3157): Illuminate\\Database\\Query\\Builder->get()
#7 /home/team05/lika.teamjaketech.com/vendor/laravel/framework/src/Illuminate/Database/Query/Builder.php(3085): Illuminate\\Database\\Query\\Builder->aggregate()
#8 /home/team05/lika.teamjaketech.com/vendor/laravel/framework/src/Illuminate/Database/Eloquent/Builder.php(1869): Illuminate\\Database\\Query\\Builder->count()
#9 /home/team05/lika.teamjaketech.com/vendor/yajra/laravel-datatables-oracle/src/QueryDataTable.php(215): Illuminate\\Database\\Eloquent\\Builder->__call()
#10 /home/team05/lika.teamjaketech.com/vendor/yajra/laravel-datatables-oracle/src/QueryDataTable.php(200): Yajra\\DataTables\\QueryDataTable->count()
#11 /home/team05/lika.teamjaketech.com/vendor/yajra/laravel-datatables-oracle/src/DataTableAbstract.php(705): Yajra\\DataTables\\QueryDataTable->filteredCount()
#12 /home/team05/lika.teamjaketech.com/vendor/yajra/laravel-datatables-oracle/src/QueryDataTable.php(142): Yajra\\DataTables\\DataTableAbstract->filterRecords()
#13 /home/team05/lika.teamjaketech.com/vendor/yajra/laravel-datatables-oracle/src/QueryDataTable.php(99): Yajra\\DataTables\\QueryDataTable->prepareQuery()
#14 /home/team05/lika.teamjaketech.com/Modules/Accounting/Http/Controllers/JournalEntryController.php(114): Yajra\\DataTables\\QueryDataTable->make()
#15 /home/team05/lika.teamjaketech.com/vendor/laravel/framework/src/Illuminate/Routing/Controller.php(54): Modules\\Accounting\\Http\\Controllers\\JournalEntryController->index()
#16 /home/team05/lika.teamjaketech.com/vendor/laravel/framework/src/Illuminate/Routing/ControllerDispatcher.php(43): Illuminate\\Routing\\Controller->callAction()
#17 /home/team05/lika.teamjaketech.com/vendor/laravel/framework/src/Illuminate/Routing/Route.php(259): Illuminate\\Routing\\ControllerDispatcher->dispatch()
#18 /home/team05/lika.teamjaketech.com/vendor/laravel/framework/src/Illuminate/Routing/Route.php(205): Illuminate\\Routing\\Route->runController()
#19 /home/team05/lika.teamjaketech.com/vendor/laravel/framework/src/Illuminate/Routing/Router.php(798): Illuminate\\Routing\\Route->run()
#20 /home/team05/lika.teamjaketech.com/vendor/laravel/framework/src/Illuminate/Pipeline/Pipeline.php(141): Illuminate\\Routing\\Router->Illuminate\\Routing\\{closure}()
#21 /home/team05/lika.teamjaketech.com/app/Http/Middleware/AdminSidebarMenu.php(22): Illuminate\\Pipeline\\Pipeline->Illuminate\\Pipeline\\{closure}()
#22 /home/team05/lika.teamjaketech.com/vendor/laravel/framework/src/Illuminate/Pipeline/Pipeline.php(180): App\\Http\\Middleware\\AdminSidebarMenu->handle()
#23 /home/team05/lika.teamjaketech.com/app/Http/Middleware/Timezone.php(30): Illuminate\\Pipeline\\Pipeline->Illuminate\\Pipeline\\{closure}()
#24 /home/team05/lika.teamjaketech.com/vendor/laravel/framework/src/Illuminate/Pipeline/Pipeline.php(180): App\\Http\\Middleware\\Timezone->handle()
#25 /home/team05/lika.teamjaketech.com/app/Http/Middleware/Language.php(25): Illuminate\\Pipeline\\Pipeline->Illuminate\\Pipeline\\{closure}()
#26 /home/team05/lika.teamjaketech.com/vendor/laravel/framework/src/Illuminate/Pipeline/Pipeline.php(180): App\\Http\\Middleware\\Language->handle()
#27 /home/team05/lika.teamjaketech.com/app/Http/Middleware/SetSessionData.php(52): Illuminate\\Pipeline\\Pipeline->Illuminate\\Pipeline\\{closure}()
#28 /home/team05/lika.teamjaketech.com/vendor/laravel/framework/src/Illuminate/Pipeline/Pipeline.php(180): App\\Http\\Middleware\\SetSessionData->handle()
#29 /home/team05/lika.teamjaketech.com/vendor/laravel/framework/src/Illuminate/Routing/Middleware/SubstituteBindings.php(50): Illuminate\\Pipeline\\Pipeline->Illuminate\\Pipeline\\{closure}()
#30 /home/team05/lika.teamjaketech.com/vendor/laravel/framework/src/Illuminate/Pipeline/Pipeline.php(180): Illuminate\\Routing\\Middleware\\SubstituteBindings->handle()
#31 /home/team05/lika.teamjaketech.com/vendor/laravel/framework/src/Illuminate/Auth/Middleware/Authenticate.php(44): Illuminate\\Pipeline\\Pipeline->Illuminate\\Pipeline\\{closure}()
#32 /home/team05/lika.teamjaketech.com/vendor/laravel/framework/src/Illuminate/Pipeline/Pipeline.php(180): Illuminate\\Auth\\Middleware\\Authenticate->handle()
#33 /home/team05/lika.teamjaketech.com/vendor/laravel/framework/src/Illuminate/Foundation/Http/Middleware/VerifyCsrfToken.php(78): Illuminate\\Pipeline\\Pipeline->Illuminate\\Pipeline\\{closure}()
#34 /home/team05/lika.teamjaketech.com/vendor/laravel/framework/src/Illuminate/Pipeline/Pipeline.php(180): Illuminate\\Foundation\\Http\\Middleware\\VerifyCsrfToken->handle()
#35 /home/team05/lika.teamjaketech.com/vendor/laravel/framework/src/Illuminate/View/Middleware/ShareErrorsFromSession.php(49): Illuminate\\Pipeline\\Pipeline->Illuminate\\Pipeline\\{closure}()
#36 /home/team05/lika.teamjaketech.com/vendor/laravel/framework/src/Illuminate/Pipeline/Pipeline.php(180): Illuminate\\View\\Middleware\\ShareErrorsFromSession->handle()
#37 /home/team05/lika.teamjaketech.com/vendor/laravel/framework/src/Illuminate/Session/Middleware/StartSession.php(121): Illuminate\\Pipeline\\Pipeline->Illuminate\\Pipeline\\{closure}()
#38 /home/team05/lika.teamjaketech.com/vendor/laravel/framework/src/Illuminate/Session/Middleware/StartSession.php(64): Illuminate\\Session\\Middleware\\StartSession->handleStatefulRequest()
#39 /home/team05/lika.teamjaketech.com/vendor/laravel/framework/src/Illuminate/Pipeline/Pipeline.php(180): Illuminate\\Session\\Middleware\\StartSession->handle()
#40 /home/team05/lika.teamjaketech.com/vendor/laravel/framework/src/Illuminate/Cookie/Middleware/AddQueuedCookiesToResponse.php(37): Illuminate\\Pipeline\\Pipeline->Illuminate\\Pipeline\\{closure}()
#41 /home/team05/lika.teamjaketech.com/vendor/laravel/framework/src/Illuminate/Pipeline/Pipeline.php(180): Illuminate\\Cookie\\Middleware\\AddQueuedCookiesToResponse->handle()
#42 /home/team05/lika.teamjaketech.com/vendor/laravel/framework/src/Illuminate/Cookie/Middleware/EncryptCookies.php(67): Illuminate\\Pipeline\\Pipeline->Illuminate\\Pipeline\\{closure}()
#43 /home/team05/lika.teamjaketech.com/vendor/laravel/framework/src/Illuminate/Pipeline/Pipeline.php(180): Illuminate\\Cookie\\Middleware\\EncryptCookies->handle()
#44 /home/team05/lika.teamjaketech.com/vendor/laravel/framework/src/Illuminate/Pipeline/Pipeline.php(116): Illuminate\\Pipeline\\Pipeline->Illuminate\\Pipeline\\{closure}()
#45 /home/team05/lika.teamjaketech.com/vendor/laravel/framework/src/Illuminate/Routing/Router.php(797): Illuminate\\Pipeline\\Pipeline->then()
#46 /home/team05/lika.teamjaketech.com/vendor/laravel/framework/src/Illuminate/Routing/Router.php(776): Illuminate\\Routing\\Router->runRouteWithinStack()
#47 /home/team05/lika.teamjaketech.com/vendor/laravel/framework/src/Illuminate/Routing/Router.php(740): Illuminate\\Routing\\Router->runRoute()
#48 /home/team05/lika.teamjaketech.com/vendor/laravel/framework/src/Illuminate/Routing/Router.php(729): Illuminate\\Routing\\Router->dispatchToRoute()
#49 /home/team05/lika.teamjaketech.com/vendor/laravel/framework/src/Illuminate/Foundation/Http/Kernel.php(190): Illuminate\\Routing\\Router->dispatch()
#50 /home/team05/lika.teamjaketech.com/vendor/laravel/framework/src/Illuminate/Pipeline/Pipeline.php(141): Illuminate\\Foundation\\Http\\Kernel->Illuminate\\Foundation\\Http\\{closure}()
#51 /home/team05/lika.teamjaketech.com/vendor/barryvdh/laravel-debugbar/src/Middleware/InjectDebugbar.php(59): Illuminate\\Pipeline\\Pipeline->Illuminate\\Pipeline\\{closure}()
#52 /home/team05/lika.teamjaketech.com/vendor/laravel/framework/src/Illuminate/Pipeline/Pipeline.php(180): Barryvdh\\Debugbar\\Middleware\\InjectDebugbar->handle()
#53 /home/team05/lika.teamjaketech.com/vendor/laravel/framework/src/Illuminate/Foundation/Http/Middleware/TransformsRequest.php(21): Illuminate\\Pipeline\\Pipeline->Illuminate\\Pipeline\\{closure}()
#54 /home/team05/lika.teamjaketech.com/vendor/laravel/framework/src/Illuminate/Foundation/Http/Middleware/ConvertEmptyStringsToNull.php(31): Illuminate\\Foundation\\Http\\Middleware\\TransformsRequest->handle()
#55 /home/team05/lika.teamjaketech.com/vendor/laravel/framework/src/Illuminate/Pipeline/Pipeline.php(180): Illuminate\\Foundation\\Http\\Middleware\\ConvertEmptyStringsToNull->handle()
#56 /home/team05/lika.teamjaketech.com/vendor/laravel/framework/src/Illuminate/Foundation/Http/Middleware/TransformsRequest.php(21): Illuminate\\Pipeline\\Pipeline->Illuminate\\Pipeline\\{closure}()
#57 /home/team05/lika.teamjaketech.com/vendor/laravel/framework/src/Illuminate/Foundation/Http/Middleware/TrimStrings.php(40): Illuminate\\Foundation\\Http\\Middleware\\TransformsRequest->handle()
#58 /home/team05/lika.teamjaketech.com/vendor/laravel/framework/src/Illuminate/Pipeline/Pipeline.php(180): Illuminate\\Foundation\\Http\\Middleware\\TrimStrings->handle()
#59 /home/team05/lika.teamjaketech.com/vendor/laravel/framework/src/Illuminate/Foundation/Http/Middleware/ValidatePostSize.php(27): Illuminate\\Pipeline\\Pipeline->Illuminate\\Pipeline\\{closure}()
#60 /home/team05/lika.teamjaketech.com/vendor/laravel/framework/src/Illuminate/Pipeline/Pipeline.php(180): Illuminate\\Foundation\\Http\\Middleware\\ValidatePostSize->handle()
#61 /home/team05/lika.teamjaketech.com/vendor/laravel/framework/src/Illuminate/Foundation/Http/Middleware/PreventRequestsDuringMaintenance.php(86): Illuminate\\Pipeline\\Pipeline->Illuminate\\Pipeline\\{closure}()
#62 /home/team05/lika.teamjaketech.com/vendor/laravel/framework/src/Illuminate/Pipeline/Pipeline.php(180): Illuminate\\Foundation\\Http\\Middleware\\PreventRequestsDuringMaintenance->handle()
#63 /home/team05/lika.teamjaketech.com/vendor/laravel/framework/src/Illuminate/Http/Middleware/HandleCors.php(49): Illuminate\\Pipeline\\Pipeline->Illuminate\\Pipeline\\{closure}()
#64 /home/team05/lika.teamjaketech.com/vendor/laravel/framework/src/Illuminate/Pipeline/Pipeline.php(180): Illuminate\\Http\\Middleware\\HandleCors->handle()
#65 /home/team05/lika.teamjaketech.com/vendor/laravel/framework/src/Illuminate/Http/Middleware/TrustProxies.php(39): Illuminate\\Pipeline\\Pipeline->Illuminate\\Pipeline\\{closure}()
#66 /home/team05/lika.teamjaketech.com/vendor/laravel/framework/src/Illuminate/Pipeline/Pipeline.php(180): Illuminate\\Http\\Middleware\\TrustProxies->handle()
#67 /home/team05/lika.teamjaketech.com/vendor/laravel/framework/src/Illuminate/Pipeline/Pipeline.php(116): Illuminate\\Pipeline\\Pipeline->Illuminate\\Pipeline\\{closure}()
#68 /home/team05/lika.teamjaketech.com/vendor/laravel/framework/src/Illuminate/Foundation/Http/Kernel.php(165): Illuminate\\Pipeline\\Pipeline->then()
#69 /home/team05/lika.teamjaketech.com/vendor/laravel/framework/src/Illuminate/Foundation/Http/Kernel.php(134): Illuminate\\Foundation\\Http\\Kernel->sendRequestThroughRouter()
#70 /home/team05/lika.teamjaketech.com/public/index.php(51): Illuminate\\Foundation\\Http\\Kernel->handle()
#71 {main}

[previous exception] [object] (PDOException(code: 42S22): SQLSTATE[42S22]: Column not found: 1054 Unknown column 'accounting_acc_trans_mappings.added_by' in 'WHERE' at /home/team05/lika.teamjaketech.com/vendor/laravel/framework/src/Illuminate/Database/Connection.php:414)
[stacktrace]
#0 /home/team05/lika.teamjaketech.com/vendor/laravel/framework/src/Illuminate/Database/Connection.php(414): PDO->prepare()
#1 /home/team05/lika.teamjaketech.com/vendor/laravel/framework/src/Illuminate/Database/Connection.php(753): Illuminate\\Database\\Connection->Illuminate\\Database\\{closure}()
#2 /home/team05/lika.teamjaketech.com/vendor/laravel/framework/src/Illuminate/Database/Connection.php(720): Illuminate\\Database\\Connection->runQueryCallback()
#3 /home/team05/lika.teamjaketech.com/vendor/laravel/framework/src/Illuminate/Database/Connection.php(405): Illuminate\\Database\\Connection->run()
#4 /home/team05/lika.teamjaketech.com/vendor/laravel/framework/src/Illuminate/Database/Query/Builder.php(2705): Illuminate\\Database\\Connection->select()
#5 /home/team05/lika.teamjaketech.com/vendor/laravel/framework/src/Illuminate/Database/Query/Builder.php(2694): Illuminate\\Database\\Query\\Builder->runSelect()
#6 /home/team05/lika.teamjaketech.com/vendor/laravel/framework/src/Illuminate/Database/Query/Builder.php(3230): Illuminate\\Database\\Query\\Builder->Illuminate\\Database\\Query\\{closure}()
#7 /home/team05/lika.teamjaketech.com/vendor/laravel/framework/src/Illuminate/Database/Query/Builder.php(2693): Illuminate\\Database\\Query\\Builder->onceWithColumns()
#8 /home/team05/lika.teamjaketech.com/vendor/laravel/framework/src/Illuminate/Database/Query/Builder.php(3157): Illuminate\\Database\\Query\\Builder->get()
#9 /home/team05/lika.teamjaketech.com/vendor/laravel/framework/src/Illuminate/Database/Query/Builder.php(3085): Illuminate\\Database\\Query\\Builder->aggregate()
#10 /home/team05/lika.teamjaketech.com/vendor/laravel/framework/src/Illuminate/Database/Eloquent/Builder.php(1869): Illuminate\\Database\\Query\\Builder->count()
#11 /home/team05/lika.teamjaketech.com/vendor/yajra/laravel-datatables-oracle/src/QueryDataTable.php(215): Illuminate\\Database\\Eloquent\\Builder->__call()
#12 /home/team05/lika.teamjaketech.com/vendor/yajra/laravel-datatables-oracle/src/QueryDataTable.php(200): Yajra\\DataTables\\QueryDataTable->count()
#13 /home/team05/lika.teamjaketech.com/vendor/yajra/laravel-datatables-oracle/src/DataTableAbstract.php(705): Yajra\\DataTables\\QueryDataTable->filteredCount()
#14 /home/team05/lika.teamjaketech.com/vendor/yajra/laravel-datatables-oracle/src/QueryDataTable.php(142): Yajra\\DataTables\\DataTableAbstract->filterRecords()
#15 /home/team05/lika.teamjaketech.com/vendor/yajra/laravel-datatables-oracle/src/QueryDataTable.php(99): Yajra\\DataTables\\QueryDataTable->prepareQuery()
#16 /home/team05/lika.teamjaketech.com/Modules/Accounting/Http/Controllers/JournalEntryController.php(114): Yajra\\DataTables\\QueryDataTable->make()
#17 /home/team05/lika.teamjaketech.com/vendor/laravel/framework/src/Illuminate/Routing/Controller.php(54): Modules\\Accounting\\Http\\Controllers\\JournalEntryController->index()
#18 /home/team05/lika.teamjaketech.com/vendor/laravel/framework/src/Illuminate/Routing/ControllerDispatcher.php(43): Illuminate\\Routing\\Controller->callAction()
#19 /home/team05/lika.teamjaketech.com/vendor/laravel/framework/src/Illuminate/Routing/Route.php(259): Illuminate\\Routing\\ControllerDispatcher->dispatch()
#20 /home/team05/lika.teamjaketech.com/vendor/laravel/framework/src/Illuminate/Routing/Route.php(205): Illuminate\\Routing\\Route->runController()
#21 /home/team05/lika.teamjaketech.com/vendor/laravel/framework/src/Illuminate/Routing/Router.php(798): Illuminate\\Routing\\Route->run()
#22 /home/team05/lika.teamjaketech.com/vendor/laravel/framework/src/Illuminate/Pipeline/Pipeline.php(141): Illuminate\\Routing\\Router->Illuminate\\Routing\\{closure}()
#23 /home/team05/lika.teamjaketech.com/app/Http/Middleware/AdminSidebarMenu.php(22): Illuminate\\Pipeline\\Pipeline->Illuminate\\Pipeline\\{closure}()
#24 /home/team05/lika.teamjaketech.com/vendor/laravel/framework/src/Illuminate/Pipeline/Pipeline.php(180): App\\Http\\Middleware\\AdminSidebarMenu->handle()
#25 /home/team05/lika.teamjaketech.com/app/Http/Middleware/Timezone.php(30): Illuminate\\Pipeline\\Pipeline->Illuminate\\Pipeline\\{closure}()
#26 /home/team05/lika.teamjaketech.com/vendor/laravel/framework/src/Illuminate/Pipeline/Pipeline.php(180): App\\Http\\Middleware\\Timezone->handle()
#27 /home/team05/lika.teamjaketech.com/app/Http/Middleware/Language.php(25): Illuminate\\Pipeline\\Pipeline->Illuminate\\Pipeline\\{closure}()
#28 /home/team05/lika.teamjaketech.com/vendor/laravel/framework/src/Illuminate/Pipeline/Pipeline.php(180): App\\Http\\Middleware\\Language->handle()
#29 /home/team05/lika.teamjaketech.com/app/Http/Middleware/SetSessionData.php(52): Illuminate\\Pipeline\\Pipeline->Illuminate\\Pipeline\\{closure}()
#30 /home/team05/lika.teamjaketech.com/vendor/laravel/framework/src/Illuminate/Pipeline/Pipeline.php(180): App\\Http\\Middleware\\SetSessionData->handle()
#31 /home/team05/lika.teamjaketech.com/vendor/laravel/framework/src/Illuminate/Routing/Middleware/SubstituteBindings.php(50): Illuminate\\Pipeline\\Pipeline->Illuminate\\Pipeline\\{closure}()
#32 /home/team05/lika.teamjaketech.com/vendor/laravel/framework/src/Illuminate/Pipeline/Pipeline.php(180): Illuminate\\Routing\\Middleware\\SubstituteBindings->handle()
#33 /home/team05/lika.teamjaketech.com/vendor/laravel/framework/src/Illuminate/Auth/Middleware/Authenticate.php(44): Illuminate\\Pipeline\\Pipeline->Illuminate\\Pipeline\\{closure}()
#34 /home/team05/lika.teamjaketech.com/vendor/laravel/framework/src/Illuminate/Pipeline/Pipeline.php(180): Illuminate\\Auth\\Middleware\\Authenticate->handle()
#35 /home/team05/lika.teamjaketech.com/vendor/laravel/framework/src/Illuminate/Foundation/Http/Middleware/VerifyCsrfToken.php(78): Illuminate\\Pipeline\\Pipeline->Illuminate\\Pipeline\\{closure}()
#36 /home/team05/lika.teamjaketech.com/vendor/laravel/framework/src/Illuminate/Pipeline/Pipeline.php(180): Illuminate\\Foundation\\Http\\Middleware\\VerifyCsrfToken->handle()
#37 /home/team05/lika.teamjaketech.com/vendor/laravel/framework/src/Illuminate/View/Middleware/ShareErrorsFromSession.php(49): Illuminate\\Pipeline\\Pipeline->Illuminate\\Pipeline\\{closure}()
#38 /home/team05/lika.teamjaketech.com/vendor/laravel/framework/src/Illuminate/Pipeline/Pipeline.php(180): Illuminate\\View\\Middleware\\ShareErrorsFromSession->handle()
#39 /home/team05/lika.teamjaketech.com/vendor/laravel/framework/src/Illuminate/Session/Middleware/StartSession.php(121): Illuminate\\Pipeline\\Pipeline->Illuminate\\Pipeline\\{closure}()
#40 /home/team05/lika.teamjaketech.com/vendor/laravel/framework/src/Illuminate/Session/Middleware/StartSession.php(64): Illuminate\\Session\\Middleware\\StartSession->handleStatefulRequest()
#41 /home/team05/lika.teamjaketech.com/vendor/laravel/framework/src/Illuminate/Pipeline/Pipeline.php(180): Illuminate\\Session\\Middleware\\StartSession->handle()
#42 /home/team05/lika.teamjaketech.com/vendor/laravel/framework/src/Illuminate/Cookie/Middleware/AddQueuedCookiesToResponse.php(37): Illuminate\\Pipeline\\Pipeline->Illuminate\\Pipeline\\{closure}()
#43 /home/team05/lika.teamjaketech.com/vendor/laravel/framework/src/Illuminate/Pipeline/Pipeline.php(180): Illuminate\\Cookie\\Middleware\\AddQueuedCookiesToResponse->handle()
#44 /home/team05/lika.teamjaketech.com/vendor/laravel/framework/src/Illuminate/Cookie/Middleware/EncryptCookies.php(67): Illuminate\\Pipeline\\Pipeline->Illuminate\\Pipeline\\{closure}()
#45 /home/team05/lika.teamjaketech.com/vendor/laravel/framework/src/Illuminate/Pipeline/Pipeline.php(180): Illuminate\\Cookie\\Middleware\\EncryptCookies->handle()
#46 /home/team05/lika.teamjaketech.com/vendor/laravel/framework/src/Illuminate/Pipeline/Pipeline.php(116): Illuminate\\Pipeline\\Pipeline->Illuminate\\Pipeline\\{closure}()
#47 /home/team05/lika.teamjaketech.com/vendor/laravel/framework/src/Illuminate/Routing/Router.php(797): Illuminate\\Pipeline\\Pipeline->then()
#48 /home/team05/lika.teamjaketech.com/vendor/laravel/framework/src/Illuminate/Routing/Router.php(776): Illuminate\\Routing\\Router->runRouteWithinStack()
#49 /home/team05/lika.teamjaketech.com/vendor/laravel/framework/src/Illuminate/Routing/Router.php(740): Illuminate\\Routing\\Router->runRoute()
#50 /home/team05/lika.teamjaketech.com/vendor/laravel/framework/src/Illuminate/Routing/Router.php(729): Illuminate\\Routing\\Router->dispatchToRoute()
#51 /home/team05/lika.teamjaketech.com/vendor/laravel/framework/src/Illuminate/Foundation/Http/Kernel.php(190): Illuminate\\Routing\\Router->dispatch()
#52 /home/team05/lika.teamjaketech.com/vendor/laravel/framework/src/Illuminate/Pipeline/Pipeline.php(141): Illuminate\\Foundation\\Http\\Kernel->Illuminate\\Foundation\\Http\\{closure}()
#53 /home/team05/lika.teamjaketech.com/vendor/barryvdh/laravel-debugbar/src/Middleware/InjectDebugbar.php(59): Illuminate\\Pipeline\\Pipeline->Illuminate\\Pipeline\\{closure}()
#54 /home/team05/lika.teamjaketech.com/vendor/laravel/framework/src/Illuminate/Pipeline/Pipeline.php(180): Barryvdh\\Debugbar\\Middleware\\InjectDebugbar->handle()
#55 /home/team05/lika.teamjaketech.com/vendor/laravel/framework/src/Illuminate/Foundation/Http/Middleware/TransformsRequest.php(21): Illuminate\\Pipeline\\Pipeline->Illuminate\\Pipeline\\{closure}()
#56 /home/team05/lika.teamjaketech.com/vendor/laravel/framework/src/Illuminate/Foundation/Http/Middleware/ConvertEmptyStringsToNull.php(31): Illuminate\\Foundation\\Http\\Middleware\\TransformsRequest->handle()
#57 /home/team05/lika.teamjaketech.com/vendor/laravel/framework/src/Illuminate/Pipeline/Pipeline.php(180): Illuminate\\Foundation\\Http\\Middleware\\ConvertEmptyStringsToNull->handle()
#58 /home/team05/lika.teamjaketech.com/vendor/laravel/framework/src/Illuminate/Foundation/Http/Middleware/TransformsRequest.php(21): Illuminate\\Pipeline\\Pipeline->Illuminate\\Pipeline\\{closure}()
#59 /home/team05/lika.teamjaketech.com/vendor/laravel/framework/src/Illuminate/Foundation/Http/Middleware/TrimStrings.php(40): Illuminate\\Foundation\\Http\\Middleware\\TransformsRequest->handle()
#60 /home/team05/lika.teamjaketech.com/vendor/laravel/framework/src/Illuminate/Pipeline/Pipeline.php(180): Illuminate\\Foundation\\Http\\Middleware\\TrimStrings->handle()
#61 /home/team05/lika.teamjaketech.com/vendor/laravel/framework/src/Illuminate/Foundation/Http/Middleware/ValidatePostSize.php(27): Illuminate\\Pipeline\\Pipeline->Illuminate\\Pipeline\\{closure}()
#62 /home/team05/lika.teamjaketech.com/vendor/laravel/framework/src/Illuminate/Pipeline/Pipeline.php(180): Illuminate\\Foundation\\Http\\Middleware\\ValidatePostSize->handle()
#63 /home/team05/lika.teamjaketech.com/vendor/laravel/framework/src/Illuminate/Foundation/Http/Middleware/PreventRequestsDuringMaintenance.php(86): Illuminate\\Pipeline\\Pipeline->Illuminate\\Pipeline\\{closure}()
#64 /home/team05/lika.teamjaketech.com/vendor/laravel/framework/src/Illuminate/Pipeline/Pipeline.php(180): Illuminate\\Foundation\\Http\\Middleware\\PreventRequestsDuringMaintenance->handle()
#65 /home/team05/lika.teamjaketech.com/vendor/laravel/framework/src/Illuminate/Http/Middleware/HandleCors.php(49): Illuminate\\Pipeline\\Pipeline->Illuminate\\Pipeline\\{closure}()
#66 /home/team05/lika.teamjaketech.com/vendor/laravel/framework/src/Illuminate/Pipeline/Pipeline.php(180): Illuminate\\Http\\Middleware\\HandleCors->handle()
#67 /home/team05/lika.teamjaketech.com/vendor/laravel/framework/src/Illuminate/Http/Middleware/TrustProxies.php(39): Illuminate\\Pipeline\\Pipeline->Illuminate\\Pipeline\\{closure}()
#68 /home/team05/lika.teamjaketech.com/vendor/laravel/framework/src/Illuminate/Pipeline/Pipeline.php(180): Illuminate\\Http\\Middleware\\TrustProxies->handle()
#69 /home/team05/lika.teamjaketech.com/vendor/laravel/framework/src/Illuminate/Pipeline/Pipeline.php(116): Illuminate\\Pipeline\\Pipeline->Illuminate\\Pipeline\\{closure}()
#70 /home/team05/lika.teamjaketech.com/vendor/laravel/framework/src/Illuminate/Foundation/Http/Kernel.php(165): Illuminate\\Pipeline\\Pipeline->then()
#71 /home/team05/lika.teamjaketech.com/vendor/laravel/framework/src/Illuminate/Foundation/Http/Kernel.php(134): Illuminate\\Foundation\\Http\\Kernel->sendRequestThroughRouter()
#72 /home/team05/lika.teamjaketech.com/public/index.php(51): Illuminate\\Foundation\\Http\\Kernel->handle()
#73 {main}
"} 
[2026-04-17 10:10:57] local.ERROR: SQLSTATE[42S22]: Column not found: 1054 Unknown column 'accounting_acc_trans_mappings.added_by' in 'WHERE' (SQL: select count(*) as aggregate from `accounting_acc_trans_mappings` inner join `users` as `u` on `accounting_acc_trans_mappings`.`created_by` = `u`.`id` where `accounting_acc_trans_mappings`.`business_id` = 2 and `accounting_acc_trans_mappings`.`type` in (journal_entry, fixed_asset_depreciation, fixed_asset_acquisition, fixed_asset_disposal) and date(`accounting_acc_trans_mappings`.`operation_date`) >= 2026-01-01 and date(`accounting_acc_trans_mappings`.`operation_date`) <= 2026-12-31 and (LOWER(`accounting_acc_trans_mappings`.`operation_date`) LIKE %prepaymen% or LOWER(`accounting_acc_trans_mappings`.`ref_no`) LIKE %prepaymen% or LOWER(`accounting_acc_trans_mappings`.`added_by`) LIKE %prepaymen% or LOWER(`accounting_acc_trans_mappings`.`note`) LIKE %prepaymen%)) {"userId":14,"exception":"[object] (Illuminate\\Database\\QueryException(code: 42S22): SQLSTATE[42S22]: Column not found: 1054 Unknown column 'accounting_acc_trans_mappings.added_by' in 'WHERE' (SQL: select count(*) as aggregate from `accounting_acc_trans_mappings` inner join `users` as `u` on `accounting_acc_trans_mappings`.`created_by` = `u`.`id` where `accounting_acc_trans_mappings`.`business_id` = 2 and `accounting_acc_trans_mappings`.`type` in (journal_entry, fixed_asset_depreciation, fixed_asset_acquisition, fixed_asset_disposal) and date(`accounting_acc_trans_mappings`.`operation_date`) >= 2026-01-01 and date(`accounting_acc_trans_mappings`.`operation_date`) <= 2026-12-31 and (LOWER(`accounting_acc_trans_mappings`.`operation_date`) LIKE %prepaymen% or LOWER(`accounting_acc_trans_mappings`.`ref_no`) LIKE %prepaymen% or LOWER(`accounting_acc_trans_mappings`.`added_by`) LIKE %prepaymen% or LOWER(`accounting_acc_trans_mappings`.`note`) LIKE %prepaymen%)) at /home/team05/lika.teamjaketech.com/vendor/laravel/framework/src/Illuminate/Database/Connection.php:760)
[stacktrace]
#0 /home/team05/lika.teamjaketech.com/vendor/laravel/framework/src/Illuminate/Database/Connection.php(720): Illuminate\\Database\\Connection->runQueryCallback()
#1 /home/team05/lika.teamjaketech.com/vendor/laravel/framework/src/Illuminate/Database/Connection.php(405): Illuminate\\Database\\Connection->run()
#2 /home/team05/lika.teamjaketech.com/vendor/laravel/framework/src/Illuminate/Database/Query/Builder.php(2705): Illuminate\\Database\\Connection->select()
#3 /home/team05/lika.teamjaketech.com/vendor/laravel/framework/src/Illuminate/Database/Query/Builder.php(2694): Illuminate\\Database\\Query\\Builder->runSelect()
#4 /home/team05/lika.teamjaketech.com/vendor/laravel/framework/src/Illuminate/Database/Query/Builder.php(3230): Illuminate\\Database\\Query\\Builder->Illuminate\\Database\\Query\\{closure}()
#5 /home/team05/lika.teamjaketech.com/vendor/laravel/framework/src/Illuminate/Database/Query/Builder.php(2693): Illuminate\\Database\\Query\\Builder->onceWithColumns()
#6 /home/team05/lika.teamjaketech.com/vendor/laravel/framework/src/Illuminate/Database/Query/Builder.php(3157): Illuminate\\Database\\Query\\Builder->get()
#7 /home/team05/lika.teamjaketech.com/vendor/laravel/framework/src/Illuminate/Database/Query/Builder.php(3085): Illuminate\\Database\\Query\\Builder->aggregate()
#8 /home/team05/lika.teamjaketech.com/vendor/laravel/framework/src/Illuminate/Database/Eloquent/Builder.php(1869): Illuminate\\Database\\Query\\Builder->count()
#9 /home/team05/lika.teamjaketech.com/vendor/yajra/laravel-datatables-oracle/src/QueryDataTable.php(215): Illuminate\\Database\\Eloquent\\Builder->__call()
#10 /home/team05/lika.teamjaketech.com/vendor/yajra/laravel-datatables-oracle/src/QueryDataTable.php(200): Yajra\\DataTables\\QueryDataTable->count()
#11 /home/team05/lika.teamjaketech.com/vendor/yajra/laravel-datatables-oracle/src/DataTableAbstract.php(705): Yajra\\DataTables\\QueryDataTable->filteredCount()
#12 /home/team05/lika.teamjaketech.com/vendor/yajra/laravel-datatables-oracle/src/QueryDataTable.php(142): Yajra\\DataTables\\DataTableAbstract->filterRecords()
#13 /home/team05/lika.teamjaketech.com/vendor/yajra/laravel-datatables-oracle/src/QueryDataTable.php(99): Yajra\\DataTables\\QueryDataTable->prepareQuery()
#14 /home/team05/lika.teamjaketech.com/Modules/Accounting/Http/Controllers/JournalEntryController.php(114): Yajra\\DataTables\\QueryDataTable->make()
#15 /home/team05/lika.teamjaketech.com/vendor/laravel/framework/src/Illuminate/Routing/Controller.php(54): Modules\\Accounting\\Http\\Controllers\\JournalEntryController->index()
#16 /home/team05/lika.teamjaketech.com/vendor/laravel/framework/src/Illuminate/Routing/ControllerDispatcher.php(43): Illuminate\\Routing\\Controller->callAction()
#17 /home/team05/lika.teamjaketech.com/vendor/laravel/framework/src/Illuminate/Routing/Route.php(259): Illuminate\\Routing\\ControllerDispatcher->dispatch()
#18 /home/team05/lika.teamjaketech.com/vendor/laravel/framework/src/Illuminate/Routing/Route.php(205): Illuminate\\Routing\\Route->runController()
#19 /home/team05/lika.teamjaketech.com/vendor/laravel/framework/src/Illuminate/Routing/Router.php(798): Illuminate\\Routing\\Route->run()
#20 /home/team05/lika.teamjaketech.com/vendor/laravel/framework/src/Illuminate/Pipeline/Pipeline.php(141): Illuminate\\Routing\\Router->Illuminate\\Routing\\{closure}()
#21 /home/team05/lika.teamjaketech.com/app/Http/Middleware/AdminSidebarMenu.php(22): Illuminate\\Pipeline\\Pipeline->Illuminate\\Pipeline\\{closure}()
#22 /home/team05/lika.teamjaketech.com/vendor/laravel/framework/src/Illuminate/Pipeline/Pipeline.php(180): App\\Http\\Middleware\\AdminSidebarMenu->handle()
#23 /home/team05/lika.teamjaketech.com/app/Http/Middleware/Timezone.php(30): Illuminate\\Pipeline\\Pipeline->Illuminate\\Pipeline\\{closure}()
#24 /home/team05/lika.teamjaketech.com/vendor/laravel/framework/src/Illuminate/Pipeline/Pipeline.php(180): App\\Http\\Middleware\\Timezone->handle()
#25 /home/team05/lika.teamjaketech.com/app/Http/Middleware/Language.php(25): Illuminate\\Pipeline\\Pipeline->Illuminate\\Pipeline\\{closure}()
#26 /home/team05/lika.teamjaketech.com/vendor/laravel/framework/src/Illuminate/Pipeline/Pipeline.php(180): App\\Http\\Middleware\\Language->handle()
#27 /home/team05/lika.teamjaketech.com/app/Http/Middleware/SetSessionData.php(52): Illuminate\\Pipeline\\Pipeline->Illuminate\\Pipeline\\{closure}()
#28 /home/team05/lika.teamjaketech.com/vendor/laravel/framework/src/Illuminate/Pipeline/Pipeline.php(180): App\\Http\\Middleware\\SetSessionData->handle()
#29 /home/team05/lika.teamjaketech.com/vendor/laravel/framework/src/Illuminate/Routing/Middleware/SubstituteBindings.php(50): Illuminate\\Pipeline\\Pipeline->Illuminate\\Pipeline\\{closure}()
#30 /home/team05/lika.teamjaketech.com/vendor/laravel/framework/src/Illuminate/Pipeline/Pipeline.php(180): Illuminate\\Routing\\Middleware\\SubstituteBindings->handle()
#31 /home/team05/lika.teamjaketech.com/vendor/laravel/framework/src/Illuminate/Auth/Middleware/Authenticate.php(44): Illuminate\\Pipeline\\Pipeline->Illuminate\\Pipeline\\{closure}()
#32 /home/team05/lika.teamjaketech.com/vendor/laravel/framework/src/Illuminate/Pipeline/Pipeline.php(180): Illuminate\\Auth\\Middleware\\Authenticate->handle()
#33 /home/team05/lika.teamjaketech.com/vendor/laravel/framework/src/Illuminate/Foundation/Http/Middleware/VerifyCsrfToken.php(78): Illuminate\\Pipeline\\Pipeline->Illuminate\\Pipeline\\{closure}()
#34 /home/team05/lika.teamjaketech.com/vendor/laravel/framework/src/Illuminate/Pipeline/Pipeline.php(180): Illuminate\\Foundation\\Http\\Middleware\\VerifyCsrfToken->handle()
#35 /home/team05/lika.teamjaketech.com/vendor/laravel/framework/src/Illuminate/View/Middleware/ShareErrorsFromSession.php(49): Illuminate\\Pipeline\\Pipeline->Illuminate\\Pipeline\\{closure}()
#36 /home/team05/lika.teamjaketech.com/vendor/laravel/framework/src/Illuminate/Pipeline/Pipeline.php(180): Illuminate\\View\\Middleware\\ShareErrorsFromSession->handle()
#37 /home/team05/lika.teamjaketech.com/vendor/laravel/framework/src/Illuminate/Session/Middleware/StartSession.php(121): Illuminate\\Pipeline\\Pipeline->Illuminate\\Pipeline\\{closure}()
#38 /home/team05/lika.teamjaketech.com/vendor/laravel/framework/src/Illuminate/Session/Middleware/StartSession.php(64): Illuminate\\Session\\Middleware\\StartSession->handleStatefulRequest()
#39 /home/team05/lika.teamjaketech.com/vendor/laravel/framework/src/Illuminate/Pipeline/Pipeline.php(180): Illuminate\\Session\\Middleware\\StartSession->handle()
#40 /home/team05/lika.teamjaketech.com/vendor/laravel/framework/src/Illuminate/Cookie/Middleware/AddQueuedCookiesToResponse.php(37): Illuminate\\Pipeline\\Pipeline->Illuminate\\Pipeline\\{closure}()
#41 /home/team05/lika.teamjaketech.com/vendor/laravel/framework/src/Illuminate/Pipeline/Pipeline.php(180): Illuminate\\Cookie\\Middleware\\AddQueuedCookiesToResponse->handle()
#42 /home/team05/lika.teamjaketech.com/vendor/laravel/framework/src/Illuminate/Cookie/Middleware/EncryptCookies.php(67): Illuminate\\Pipeline\\Pipeline->Illuminate\\Pipeline\\{closure}()
#43 /home/team05/lika.teamjaketech.com/vendor/laravel/framework/src/Illuminate/Pipeline/Pipeline.php(180): Illuminate\\Cookie\\Middleware\\EncryptCookies->handle()
#44 /home/team05/lika.teamjaketech.com/vendor/laravel/framework/src/Illuminate/Pipeline/Pipeline.php(116): Illuminate\\Pipeline\\Pipeline->Illuminate\\Pipeline\\{closure}()
#45 /home/team05/lika.teamjaketech.com/vendor/laravel/framework/src/Illuminate/Routing/Router.php(797): Illuminate\\Pipeline\\Pipeline->then()
#46 /home/team05/lika.teamjaketech.com/vendor/laravel/framework/src/Illuminate/Routing/Router.php(776): Illuminate\\Routing\\Router->runRouteWithinStack()
#47 /home/team05/lika.teamjaketech.com/vendor/laravel/framework/src/Illuminate/Routing/Router.php(740): Illuminate\\Routing\\Router->runRoute()
#48 /home/team05/lika.teamjaketech.com/vendor/laravel/framework/src/Illuminate/Routing/Router.php(729): Illuminate\\Routing\\Router->dispatchToRoute()
#49 /home/team05/lika.teamjaketech.com/vendor/laravel/framework/src/Illuminate/Foundation/Http/Kernel.php(190): Illuminate\\Routing\\Router->dispatch()
#50 /home/team05/lika.teamjaketech.com/vendor/laravel/framework/src/Illuminate/Pipeline/Pipeline.php(141): Illuminate\\Foundation\\Http\\Kernel->Illuminate\\Foundation\\Http\\{closure}()
#51 /home/team05/lika.teamjaketech.com/vendor/barryvdh/laravel-debugbar/src/Middleware/InjectDebugbar.php(59): Illuminate\\Pipeline\\Pipeline->Illuminate\\Pipeline\\{closure}()
#52 /home/team05/lika.teamjaketech.com/vendor/laravel/framework/src/Illuminate/Pipeline/Pipeline.php(180): Barryvdh\\Debugbar\\Middleware\\InjectDebugbar->handle()
#53 /home/team05/lika.teamjaketech.com/vendor/laravel/framework/src/Illuminate/Foundation/Http/Middleware/TransformsRequest.php(21): Illuminate\\Pipeline\\Pipeline->Illuminate\\Pipeline\\{closure}()
#54 /home/team05/lika.teamjaketech.com/vendor/laravel/framework/src/Illuminate/Foundation/Http/Middleware/ConvertEmptyStringsToNull.php(31): Illuminate\\Foundation\\Http\\Middleware\\TransformsRequest->handle()
#55 /home/team05/lika.teamjaketech.com/vendor/laravel/framework/src/Illuminate/Pipeline/Pipeline.php(180): Illuminate\\Foundation\\Http\\Middleware\\ConvertEmptyStringsToNull->handle()
#56 /home/team05/lika.teamjaketech.com/vendor/laravel/framework/src/Illuminate/Foundation/Http/Middleware/TransformsRequest.php(21): Illuminate\\Pipeline\\Pipeline->Illuminate\\Pipeline\\{closure}()
#57 /home/team05/lika.teamjaketech.com/vendor/laravel/framework/src/Illuminate/Foundation/Http/Middleware/TrimStrings.php(40): Illuminate\\Foundation\\Http\\Middleware\\TransformsRequest->handle()
#58 /home/team05/lika.teamjaketech.com/vendor/laravel/framework/src/Illuminate/Pipeline/Pipeline.php(180): Illuminate\\Foundation\\Http\\Middleware\\TrimStrings->handle()
#59 /home/team05/lika.teamjaketech.com/vendor/laravel/framework/src/Illuminate/Foundation/Http/Middleware/ValidatePostSize.php(27): Illuminate\\Pipeline\\Pipeline->Illuminate\\Pipeline\\{closure}()
#60 /home/team05/lika.teamjaketech.com/vendor/laravel/framework/src/Illuminate/Pipeline/Pipeline.php(180): Illuminate\\Foundation\\Http\\Middleware\\ValidatePostSize->handle()
#61 /home/team05/lika.teamjaketech.com/vendor/laravel/framework/src/Illuminate/Foundation/Http/Middleware/PreventRequestsDuringMaintenance.php(86): Illuminate\\Pipeline\\Pipeline->Illuminate\\Pipeline\\{closure}()
#62 /home/team05/lika.teamjaketech.com/vendor/laravel/framework/src/Illuminate/Pipeline/Pipeline.php(180): Illuminate\\Foundation\\Http\\Middleware\\PreventRequestsDuringMaintenance->handle()
#63 /home/team05/lika.teamjaketech.com/vendor/laravel/framework/src/Illuminate/Http/Middleware/HandleCors.php(49): Illuminate\\Pipeline\\Pipeline->Illuminate\\Pipeline\\{closure}()
#64 /home/team05/lika.teamjaketech.com/vendor/laravel/framework/src/Illuminate/Pipeline/Pipeline.php(180): Illuminate\\Http\\Middleware\\HandleCors->handle()
#65 /home/team05/lika.teamjaketech.com/vendor/laravel/framework/src/Illuminate/Http/Middleware/TrustProxies.php(39): Illuminate\\Pipeline\\Pipeline->Illuminate\\Pipeline\\{closure}()
#66 /home/team05/lika.teamjaketech.com/vendor/laravel/framework/src/Illuminate/Pipeline/Pipeline.php(180): Illuminate\\Http\\Middleware\\TrustProxies->handle()
#67 /home/team05/lika.teamjaketech.com/vendor/laravel/framework/src/Illuminate/Pipeline/Pipeline.php(116): Illuminate\\Pipeline\\Pipeline->Illuminate\\Pipeline\\{closure}()
#68 /home/team05/lika.teamjaketech.com/vendor/laravel/framework/src/Illuminate/Foundation/Http/Kernel.php(165): Illuminate\\Pipeline\\Pipeline->then()
#69 /home/team05/lika.teamjaketech.com/vendor/laravel/framework/src/Illuminate/Foundation/Http/Kernel.php(134): Illuminate\\Foundation\\Http\\Kernel->sendRequestThroughRouter()
#70 /home/team05/lika.teamjaketech.com/public/index.php(51): Illuminate\\Foundation\\Http\\Kernel->handle()
#71 {main}

[previous exception] [object] (PDOException(code: 42S22): SQLSTATE[42S22]: Column not found: 1054 Unknown column 'accounting_acc_trans_mappings.added_by' in 'WHERE' at /home/team05/lika.teamjaketech.com/vendor/laravel/framework/src/Illuminate/Database/Connection.php:414)
[stacktrace]
#0 /home/team05/lika.teamjaketech.com/vendor/laravel/framework/src/Illuminate/Database/Connection.php(414): PDO->prepare()
#1 /home/team05/lika.teamjaketech.com/vendor/laravel/framework/src/Illuminate/Database/Connection.php(753): Illuminate\\Database\\Connection->Illuminate\\Database\\{closure}()
#2 /home/team05/lika.teamjaketech.com/vendor/laravel/framework/src/Illuminate/Database/Connection.php(720): Illuminate\\Database\\Connection->runQueryCallback()
#3 /home/team05/lika.teamjaketech.com/vendor/laravel/framework/src/Illuminate/Database/Connection.php(405): Illuminate\\Database\\Connection->run()
#4 /home/team05/lika.teamjaketech.com/vendor/laravel/framework/src/Illuminate/Database/Query/Builder.php(2705): Illuminate\\Database\\Connection->select()
#5 /home/team05/lika.teamjaketech.com/vendor/laravel/framework/src/Illuminate/Database/Query/Builder.php(2694): Illuminate\\Database\\Query\\Builder->runSelect()
#6 /home/team05/lika.teamjaketech.com/vendor/laravel/framework/src/Illuminate/Database/Query/Builder.php(3230): Illuminate\\Database\\Query\\Builder->Illuminate\\Database\\Query\\{closure}()
#7 /home/team05/lika.teamjaketech.com/vendor/laravel/framework/src/Illuminate/Database/Query/Builder.php(2693): Illuminate\\Database\\Query\\Builder->onceWithColumns()
#8 /home/team05/lika.teamjaketech.com/vendor/laravel/framework/src/Illuminate/Database/Query/Builder.php(3157): Illuminate\\Database\\Query\\Builder->get()
#9 /home/team05/lika.teamjaketech.com/vendor/laravel/framework/src/Illuminate/Database/Query/Builder.php(3085): Illuminate\\Database\\Query\\Builder->aggregate()
#10 /home/team05/lika.teamjaketech.com/vendor/laravel/framework/src/Illuminate/Database/Eloquent/Builder.php(1869): Illuminate\\Database\\Query\\Builder->count()
#11 /home/team05/lika.teamjaketech.com/vendor/yajra/laravel-datatables-oracle/src/QueryDataTable.php(215): Illuminate\\Database\\Eloquent\\Builder->__call()
#12 /home/team05/lika.teamjaketech.com/vendor/yajra/laravel-datatables-oracle/src/QueryDataTable.php(200): Yajra\\DataTables\\QueryDataTable->count()
#13 /home/team05/lika.teamjaketech.com/vendor/yajra/laravel-datatables-oracle/src/DataTableAbstract.php(705): Yajra\\DataTables\\QueryDataTable->filteredCount()
#14 /home/team05/lika.teamjaketech.com/vendor/yajra/laravel-datatables-oracle/src/QueryDataTable.php(142): Yajra\\DataTables\\DataTableAbstract->filterRecords()
#15 /home/team05/lika.teamjaketech.com/vendor/yajra/laravel-datatables-oracle/src/QueryDataTable.php(99): Yajra\\DataTables\\QueryDataTable->prepareQuery()
#16 /home/team05/lika.teamjaketech.com/Modules/Accounting/Http/Controllers/JournalEntryController.php(114): Yajra\\DataTables\\QueryDataTable->make()
#17 /home/team05/lika.teamjaketech.com/vendor/laravel/framework/src/Illuminate/Routing/Controller.php(54): Modules\\Accounting\\Http\\Controllers\\JournalEntryController->index()
#18 /home/team05/lika.teamjaketech.com/vendor/laravel/framework/src/Illuminate/Routing/ControllerDispatcher.php(43): Illuminate\\Routing\\Controller->callAction()
#19 /home/team05/lika.teamjaketech.com/vendor/laravel/framework/src/Illuminate/Routing/Route.php(259): Illuminate\\Routing\\ControllerDispatcher->dispatch()
#20 /home/team05/lika.teamjaketech.com/vendor/laravel/framework/src/Illuminate/Routing/Route.php(205): Illuminate\\Routing\\Route->runController()
#21 /home/team05/lika.teamjaketech.com/vendor/laravel/framework/src/Illuminate/Routing/Router.php(798): Illuminate\\Routing\\Route->run()
#22 /home/team05/lika.teamjaketech.com/vendor/laravel/framework/src/Illuminate/Pipeline/Pipeline.php(141): Illuminate\\Routing\\Router->Illuminate\\Routing\\{closure}()
#23 /home/team05/lika.teamjaketech.com/app/Http/Middleware/AdminSidebarMenu.php(22): Illuminate\\Pipeline\\Pipeline->Illuminate\\Pipeline\\{closure}()
#24 /home/team05/lika.teamjaketech.com/vendor/laravel/framework/src/Illuminate/Pipeline/Pipeline.php(180): App\\Http\\Middleware\\AdminSidebarMenu->handle()
#25 /home/team05/lika.teamjaketech.com/app/Http/Middleware/Timezone.php(30): Illuminate\\Pipeline\\Pipeline->Illuminate\\Pipeline\\{closure}()
#26 /home/team05/lika.teamjaketech.com/vendor/laravel/framework/src/Illuminate/Pipeline/Pipeline.php(180): App\\Http\\Middleware\\Timezone->handle()
#27 /home/team05/lika.teamjaketech.com/app/Http/Middleware/Language.php(25): Illuminate\\Pipeline\\Pipeline->Illuminate\\Pipeline\\{closure}()
#28 /home/team05/lika.teamjaketech.com/vendor/laravel/framework/src/Illuminate/Pipeline/Pipeline.php(180): App\\Http\\Middleware\\Language->handle()
#29 /home/team05/lika.teamjaketech.com/app/Http/Middleware/SetSessionData.php(52): Illuminate\\Pipeline\\Pipeline->Illuminate\\Pipeline\\{closure}()
#30 /home/team05/lika.teamjaketech.com/vendor/laravel/framework/src/Illuminate/Pipeline/Pipeline.php(180): App\\Http\\Middleware\\SetSessionData->handle()
#31 /home/team05/lika.teamjaketech.com/vendor/laravel/framework/src/Illuminate/Routing/Middleware/SubstituteBindings.php(50): Illuminate\\Pipeline\\Pipeline->Illuminate\\Pipeline\\{closure}()
#32 /home/team05/lika.teamjaketech.com/vendor/laravel/framework/src/Illuminate/Pipeline/Pipeline.php(180): Illuminate\\Routing\\Middleware\\SubstituteBindings->handle()
#33 /home/team05/lika.teamjaketech.com/vendor/laravel/framework/src/Illuminate/Auth/Middleware/Authenticate.php(44): Illuminate\\Pipeline\\Pipeline->Illuminate\\Pipeline\\{closure}()
#34 /home/team05/lika.teamjaketech.com/vendor/laravel/framework/src/Illuminate/Pipeline/Pipeline.php(180): Illuminate\\Auth\\Middleware\\Authenticate->handle()
#35 /home/team05/lika.teamjaketech.com/vendor/laravel/framework/src/Illuminate/Foundation/Http/Middleware/VerifyCsrfToken.php(78): Illuminate\\Pipeline\\Pipeline->Illuminate\\Pipeline\\{closure}()
#36 /home/team05/lika.teamjaketech.com/vendor/laravel/framework/src/Illuminate/Pipeline/Pipeline.php(180): Illuminate\\Foundation\\Http\\Middleware\\VerifyCsrfToken->handle()
#37 /home/team05/lika.teamjaketech.com/vendor/laravel/framework/src/Illuminate/View/Middleware/ShareErrorsFromSession.php(49): Illuminate\\Pipeline\\Pipeline->Illuminate\\Pipeline\\{closure}()
#38 /home/team05/lika.teamjaketech.com/vendor/laravel/framework/src/Illuminate/Pipeline/Pipeline.php(180): Illuminate\\View\\Middleware\\ShareErrorsFromSession->handle()
#39 /home/team05/lika.teamjaketech.com/vendor/laravel/framework/src/Illuminate/Session/Middleware/StartSession.php(121): Illuminate\\Pipeline\\Pipeline->Illuminate\\Pipeline\\{closure}()
#40 /home/team05/lika.teamjaketech.com/vendor/laravel/framework/src/Illuminate/Session/Middleware/StartSession.php(64): Illuminate\\Session\\Middleware\\StartSession->handleStatefulRequest()
#41 /home/team05/lika.teamjaketech.com/vendor/laravel/framework/src/Illuminate/Pipeline/Pipeline.php(180): Illuminate\\Session\\Middleware\\StartSession->handle()
#42 /home/team05/lika.teamjaketech.com/vendor/laravel/framework/src/Illuminate/Cookie/Middleware/AddQueuedCookiesToResponse.php(37): Illuminate\\Pipeline\\Pipeline->Illuminate\\Pipeline\\{closure}()
#43 /home/team05/lika.teamjaketech.com/vendor/laravel/framework/src/Illuminate/Pipeline/Pipeline.php(180): Illuminate\\Cookie\\Middleware\\AddQueuedCookiesToResponse->handle()
#44 /home/team05/lika.teamjaketech.com/vendor/laravel/framework/src/Illuminate/Cookie/Middleware/EncryptCookies.php(67): Illuminate\\Pipeline\\Pipeline->Illuminate\\Pipeline\\{closure}()
#45 /home/team05/lika.teamjaketech.com/vendor/laravel/framework/src/Illuminate/Pipeline/Pipeline.php(180): Illuminate\\Cookie\\Middleware\\EncryptCookies->handle()
#46 /home/team05/lika.teamjaketech.com/vendor/laravel/framework/src/Illuminate/Pipeline/Pipeline.php(116): Illuminate\\Pipeline\\Pipeline->Illuminate\\Pipeline\\{closure}()
#47 /home/team05/lika.teamjaketech.com/vendor/laravel/framework/src/Illuminate/Routing/Router.php(797): Illuminate\\Pipeline\\Pipeline->then()
#48 /home/team05/lika.teamjaketech.com/vendor/laravel/framework/src/Illuminate/Routing/Router.php(776): Illuminate\\Routing\\Router->runRouteWithinStack()
#49 /home/team05/lika.teamjaketech.com/vendor/laravel/framework/src/Illuminate/Routing/Router.php(740): Illuminate\\Routing\\Router->runRoute()
#50 /home/team05/lika.teamjaketech.com/vendor/laravel/framework/src/Illuminate/Routing/Router.php(729): Illuminate\\Routing\\Router->dispatchToRoute()
#51 /home/team05/lika.teamjaketech.com/vendor/laravel/framework/src/Illuminate/Foundation/Http/Kernel.php(190): Illuminate\\Routing\\Router->dispatch()
#52 /home/team05/lika.teamjaketech.com/vendor/laravel/framework/src/Illuminate/Pipeline/Pipeline.php(141): Illuminate\\Foundation\\Http\\Kernel->Illuminate\\Foundation\\Http\\{closure}()
#53 /home/team05/lika.teamjaketech.com/vendor/barryvdh/laravel-debugbar/src/Middleware/InjectDebugbar.php(59): Illuminate\\Pipeline\\Pipeline->Illuminate\\Pipeline\\{closure}()
#54 /home/team05/lika.teamjaketech.com/vendor/laravel/framework/src/Illuminate/Pipeline/Pipeline.php(180): Barryvdh\\Debugbar\\Middleware\\InjectDebugbar->handle()
#55 /home/team05/lika.teamjaketech.com/vendor/laravel/framework/src/Illuminate/Foundation/Http/Middleware/TransformsRequest.php(21): Illuminate\\Pipeline\\Pipeline->Illuminate\\Pipeline\\{closure}()
#56 /home/team05/lika.teamjaketech.com/vendor/laravel/framework/src/Illuminate/Foundation/Http/Middleware/ConvertEmptyStringsToNull.php(31): Illuminate\\Foundation\\Http\\Middleware\\TransformsRequest->handle()
#57 /home/team05/lika.teamjaketech.com/vendor/laravel/framework/src/Illuminate/Pipeline/Pipeline.php(180): Illuminate\\Foundation\\Http\\Middleware\\ConvertEmptyStringsToNull->handle()
#58 /home/team05/lika.teamjaketech.com/vendor/laravel/framework/src/Illuminate/Foundation/Http/Middleware/TransformsRequest.php(21): Illuminate\\Pipeline\\Pipeline->Illuminate\\Pipeline\\{closure}()
#59 /home/team05/lika.teamjaketech.com/vendor/laravel/framework/src/Illuminate/Foundation/Http/Middleware/TrimStrings.php(40): Illuminate\\Foundation\\Http\\Middleware\\TransformsRequest->handle()
#60 /home/team05/lika.teamjaketech.com/vendor/laravel/framework/src/Illuminate/Pipeline/Pipeline.php(180): Illuminate\\Foundation\\Http\\Middleware\\TrimStrings->handle()
#61 /home/team05/lika.teamjaketech.com/vendor/laravel/framework/src/Illuminate/Foundation/Http/Middleware/ValidatePostSize.php(27): Illuminate\\Pipeline\\Pipeline->Illuminate\\Pipeline\\{closure}()
#62 /home/team05/lika.teamjaketech.com/vendor/laravel/framework/src/Illuminate/Pipeline/Pipeline.php(180): Illuminate\\Foundation\\Http\\Middleware\\ValidatePostSize->handle()
#63 /home/team05/lika.teamjaketech.com/vendor/laravel/framework/src/Illuminate/Foundation/Http/Middleware/PreventRequestsDuringMaintenance.php(86): Illuminate\\Pipeline\\Pipeline->Illuminate\\Pipeline\\{closure}()
#64 /home/team05/lika.teamjaketech.com/vendor/laravel/framework/src/Illuminate/Pipeline/Pipeline.php(180): Illuminate\\Foundation\\Http\\Middleware\\PreventRequestsDuringMaintenance->handle()
#65 /home/team05/lika.teamjaketech.com/vendor/laravel/framework/src/Illuminate/Http/Middleware/HandleCors.php(49): Illuminate\\Pipeline\\Pipeline->Illuminate\\Pipeline\\{closure}()
#66 /home/team05/lika.teamjaketech.com/vendor/laravel/framework/src/Illuminate/Pipeline/Pipeline.php(180): Illuminate\\Http\\Middleware\\HandleCors->handle()
#67 /home/team05/lika.teamjaketech.com/vendor/laravel/framework/src/Illuminate/Http/Middleware/TrustProxies.php(39): Illuminate\\Pipeline\\Pipeline->Illuminate\\Pipeline\\{closure}()
#68 /home/team05/lika.teamjaketech.com/vendor/laravel/framework/src/Illuminate/Pipeline/Pipeline.php(180): Illuminate\\Http\\Middleware\\TrustProxies->handle()
#69 /home/team05/lika.teamjaketech.com/vendor/laravel/framework/src/Illuminate/Pipeline/Pipeline.php(116): Illuminate\\Pipeline\\Pipeline->Illuminate\\Pipeline\\{closure}()
#70 /home/team05/lika.teamjaketech.com/vendor/laravel/framework/src/Illuminate/Foundation/Http/Kernel.php(165): Illuminate\\Pipeline\\Pipeline->then()
#71 /home/team05/lika.teamjaketech.com/vendor/laravel/framework/src/Illuminate/Foundation/Http/Kernel.php(134): Illuminate\\Foundation\\Http\\Kernel->sendRequestThroughRouter()
#72 /home/team05/lika.teamjaketech.com/public/index.php(51): Illuminate\\Foundation\\Http\\Kernel->handle()
#73 {main}
"} 
[2026-04-17 10:10:58] local.ERROR: SQLSTATE[42S22]: Column not found: 1054 Unknown column 'accounting_acc_trans_mappings.added_by' in 'WHERE' (SQL: select count(*) as aggregate from `accounting_acc_trans_mappings` inner join `users` as `u` on `accounting_acc_trans_mappings`.`created_by` = `u`.`id` where `accounting_acc_trans_mappings`.`business_id` = 2 and `accounting_acc_trans_mappings`.`type` in (journal_entry, fixed_asset_depreciation, fixed_asset_acquisition, fixed_asset_disposal) and date(`accounting_acc_trans_mappings`.`operation_date`) >= 2026-01-01 and date(`accounting_acc_trans_mappings`.`operation_date`) <= 2026-12-31 and (LOWER(`accounting_acc_trans_mappings`.`operation_date`) LIKE %prepayment% or LOWER(`accounting_acc_trans_mappings`.`ref_no`) LIKE %prepayment% or LOWER(`accounting_acc_trans_mappings`.`added_by`) LIKE %prepayment% or LOWER(`accounting_acc_trans_mappings`.`note`) LIKE %prepayment%)) {"userId":14,"exception":"[object] (Illuminate\\Database\\QueryException(code: 42S22): SQLSTATE[42S22]: Column not found: 1054 Unknown column 'accounting_acc_trans_mappings.added_by' in 'WHERE' (SQL: select count(*) as aggregate from `accounting_acc_trans_mappings` inner join `users` as `u` on `accounting_acc_trans_mappings`.`created_by` = `u`.`id` where `accounting_acc_trans_mappings`.`business_id` = 2 and `accounting_acc_trans_mappings`.`type` in (journal_entry, fixed_asset_depreciation, fixed_asset_acquisition, fixed_asset_disposal) and date(`accounting_acc_trans_mappings`.`operation_date`) >= 2026-01-01 and date(`accounting_acc_trans_mappings`.`operation_date`) <= 2026-12-31 and (LOWER(`accounting_acc_trans_mappings`.`operation_date`) LIKE %prepayment% or LOWER(`accounting_acc_trans_mappings`.`ref_no`) LIKE %prepayment% or LOWER(`accounting_acc_trans_mappings`.`added_by`) LIKE %prepayment% or LOWER(`accounting_acc_trans_mappings`.`note`) LIKE %prepayment%)) at /home/team05/lika.teamjaketech.com/vendor/laravel/framework/src/Illuminate/Database/Connection.php:760)
[stacktrace]
#0 /home/team05/lika.teamjaketech.com/vendor/laravel/framework/src/Illuminate/Database/Connection.php(720): Illuminate\\Database\\Connection->runQueryCallback()
#1 /home/team05/lika.teamjaketech.com/vendor/laravel/framework/src/Illuminate/Database/Connection.php(405): Illuminate\\Database\\Connection->run()
#2 /home/team05/lika.teamjaketech.com/vendor/laravel/framework/src/Illuminate/Database/Query/Builder.php(2705): Illuminate\\Database\\Connection->select()
#3 /home/team05/lika.teamjaketech.com/vendor/laravel/framework/src/Illuminate/Database/Query/Builder.php(2694): Illuminate\\Database\\Query\\Builder->runSelect()
#4 /home/team05/lika.teamjaketech.com/vendor/laravel/framework/src/Illuminate/Database/Query/Builder.php(3230): Illuminate\\Database\\Query\\Builder->Illuminate\\Database\\Query\\{closure}()
#5 /home/team05/lika.teamjaketech.com/vendor/laravel/framework/src/Illuminate/Database/Query/Builder.php(2693): Illuminate\\Database\\Query\\Builder->onceWithColumns()
#6 /home/team05/lika.teamjaketech.com/vendor/laravel/framework/src/Illuminate/Database/Query/Builder.php(3157): Illuminate\\Database\\Query\\Builder->get()
#7 /home/team05/lika.teamjaketech.com/vendor/laravel/framework/src/Illuminate/Database/Query/Builder.php(3085): Illuminate\\Database\\Query\\Builder->aggregate()
#8 /home/team05/lika.teamjaketech.com/vendor/laravel/framework/src/Illuminate/Database/Eloquent/Builder.php(1869): Illuminate\\Database\\Query\\Builder->count()
#9 /home/team05/lika.teamjaketech.com/vendor/yajra/laravel-datatables-oracle/src/QueryDataTable.php(215): Illuminate\\Database\\Eloquent\\Builder->__call()
#10 /home/team05/lika.teamjaketech.com/vendor/yajra/laravel-datatables-oracle/src/QueryDataTable.php(200): Yajra\\DataTables\\QueryDataTable->count()
#11 /home/team05/lika.teamjaketech.com/vendor/yajra/laravel-datatables-oracle/src/DataTableAbstract.php(705): Yajra\\DataTables\\QueryDataTable->filteredCount()
#12 /home/team05/lika.teamjaketech.com/vendor/yajra/laravel-datatables-oracle/src/QueryDataTable.php(142): Yajra\\DataTables\\DataTableAbstract->filterRecords()
#13 /home/team05/lika.teamjaketech.com/vendor/yajra/laravel-datatables-oracle/src/QueryDataTable.php(99): Yajra\\DataTables\\QueryDataTable->prepareQuery()
#14 /home/team05/lika.teamjaketech.com/Modules/Accounting/Http/Controllers/JournalEntryController.php(114): Yajra\\DataTables\\QueryDataTable->make()
#15 /home/team05/lika.teamjaketech.com/vendor/laravel/framework/src/Illuminate/Routing/Controller.php(54): Modules\\Accounting\\Http\\Controllers\\JournalEntryController->index()
#16 /home/team05/lika.teamjaketech.com/vendor/laravel/framework/src/Illuminate/Routing/ControllerDispatcher.php(43): Illuminate\\Routing\\Controller->callAction()
#17 /home/team05/lika.teamjaketech.com/vendor/laravel/framework/src/Illuminate/Routing/Route.php(259): Illuminate\\Routing\\ControllerDispatcher->dispatch()
#18 /home/team05/lika.teamjaketech.com/vendor/laravel/framework/src/Illuminate/Routing/Route.php(205): Illuminate\\Routing\\Route->runController()
#19 /home/team05/lika.teamjaketech.com/vendor/laravel/framework/src/Illuminate/Routing/Router.php(798): Illuminate\\Routing\\Route->run()
#20 /home/team05/lika.teamjaketech.com/vendor/laravel/framework/src/Illuminate/Pipeline/Pipeline.php(141): Illuminate\\Routing\\Router->Illuminate\\Routing\\{closure}()
#21 /home/team05/lika.teamjaketech.com/app/Http/Middleware/AdminSidebarMenu.php(22): Illuminate\\Pipeline\\Pipeline->Illuminate\\Pipeline\\{closure}()
#22 /home/team05/lika.teamjaketech.com/vendor/laravel/framework/src/Illuminate/Pipeline/Pipeline.php(180): App\\Http\\Middleware\\AdminSidebarMenu->handle()
#23 /home/team05/lika.teamjaketech.com/app/Http/Middleware/Timezone.php(30): Illuminate\\Pipeline\\Pipeline->Illuminate\\Pipeline\\{closure}()
#24 /home/team05/lika.teamjaketech.com/vendor/laravel/framework/src/Illuminate/Pipeline/Pipeline.php(180): App\\Http\\Middleware\\Timezone->handle()
#25 /home/team05/lika.teamjaketech.com/app/Http/Middleware/Language.php(25): Illuminate\\Pipeline\\Pipeline->Illuminate\\Pipeline\\{closure}()
#26 /home/team05/lika.teamjaketech.com/vendor/laravel/framework/src/Illuminate/Pipeline/Pipeline.php(180): App\\Http\\Middleware\\Language->handle()
#27 /home/team05/lika.teamjaketech.com/app/Http/Middleware/SetSessionData.php(52): Illuminate\\Pipeline\\Pipeline->Illuminate\\Pipeline\\{closure}()
#28 /home/team05/lika.teamjaketech.com/vendor/laravel/framework/src/Illuminate/Pipeline/Pipeline.php(180): App\\Http\\Middleware\\SetSessionData->handle()
#29 /home/team05/lika.teamjaketech.com/vendor/laravel/framework/src/Illuminate/Routing/Middleware/SubstituteBindings.php(50): Illuminate\\Pipeline\\Pipeline->Illuminate\\Pipeline\\{closure}()
#30 /home/team05/lika.teamjaketech.com/vendor/laravel/framework/src/Illuminate/Pipeline/Pipeline.php(180): Illuminate\\Routing\\Middleware\\SubstituteBindings->handle()
#31 /home/team05/lika.teamjaketech.com/vendor/laravel/framework/src/Illuminate/Auth/Middleware/Authenticate.php(44): Illuminate\\Pipeline\\Pipeline->Illuminate\\Pipeline\\{closure}()
#32 /home/team05/lika.teamjaketech.com/vendor/laravel/framework/src/Illuminate/Pipeline/Pipeline.php(180): Illuminate\\Auth\\Middleware\\Authenticate->handle()
#33 /home/team05/lika.teamjaketech.com/vendor/laravel/framework/src/Illuminate/Foundation/Http/Middleware/VerifyCsrfToken.php(78): Illuminate\\Pipeline\\Pipeline->Illuminate\\Pipeline\\{closure}()
#34 /home/team05/lika.teamjaketech.com/vendor/laravel/framework/src/Illuminate/Pipeline/Pipeline.php(180): Illuminate\\Foundation\\Http\\Middleware\\VerifyCsrfToken->handle()
#35 /home/team05/lika.teamjaketech.com/vendor/laravel/framework/src/Illuminate/View/Middleware/ShareErrorsFromSession.php(49): Illuminate\\Pipeline\\Pipeline->Illuminate\\Pipeline\\{closure}()
#36 /home/team05/lika.teamjaketech.com/vendor/laravel/framework/src/Illuminate/Pipeline/Pipeline.php(180): Illuminate\\View\\Middleware\\ShareErrorsFromSession->handle()
#37 /home/team05/lika.teamjaketech.com/vendor/laravel/framework/src/Illuminate/Session/Middleware/StartSession.php(121): Illuminate\\Pipeline\\Pipeline->Illuminate\\Pipeline\\{closure}()
#38 /home/team05/lika.teamjaketech.com/vendor/laravel/framework/src/Illuminate/Session/Middleware/StartSession.php(64): Illuminate\\Session\\Middleware\\StartSession->handleStatefulRequest()
#39 /home/team05/lika.teamjaketech.com/vendor/laravel/framework/src/Illuminate/Pipeline/Pipeline.php(180): Illuminate\\Session\\Middleware\\StartSession->handle()
#40 /home/team05/lika.teamjaketech.com/vendor/laravel/framework/src/Illuminate/Cookie/Middleware/AddQueuedCookiesToResponse.php(37): Illuminate\\Pipeline\\Pipeline->Illuminate\\Pipeline\\{closure}()
#41 /home/team05/lika.teamjaketech.com/vendor/laravel/framework/src/Illuminate/Pipeline/Pipeline.php(180): Illuminate\\Cookie\\Middleware\\AddQueuedCookiesToResponse->handle()
#42 /home/team05/lika.teamjaketech.com/vendor/laravel/framework/src/Illuminate/Cookie/Middleware/EncryptCookies.php(67): Illuminate\\Pipeline\\Pipeline->Illuminate\\Pipeline\\{closure}()
#43 /home/team05/lika.teamjaketech.com/vendor/laravel/framework/src/Illuminate/Pipeline/Pipeline.php(180): Illuminate\\Cookie\\Middleware\\EncryptCookies->handle()
#44 /home/team05/lika.teamjaketech.com/vendor/laravel/framework/src/Illuminate/Pipeline/Pipeline.php(116): Illuminate\\Pipeline\\Pipeline->Illuminate\\Pipeline\\{closure}()
#45 /home/team05/lika.teamjaketech.com/vendor/laravel/framework/src/Illuminate/Routing/Router.php(797): Illuminate\\Pipeline\\Pipeline->then()
#46 /home/team05/lika.teamjaketech.com/vendor/laravel/framework/src/Illuminate/Routing/Router.php(776): Illuminate\\Routing\\Router->runRouteWithinStack()
#47 /home/team05/lika.teamjaketech.com/vendor/laravel/framework/src/Illuminate/Routing/Router.php(740): Illuminate\\Routing\\Router->runRoute()
#48 /home/team05/lika.teamjaketech.com/vendor/laravel/framework/src/Illuminate/Routing/Router.php(729): Illuminate\\Routing\\Router->dispatchToRoute()
#49 /home/team05/lika.teamjaketech.com/vendor/laravel/framework/src/Illuminate/Foundation/Http/Kernel.php(190): Illuminate\\Routing\\Router->dispatch()
#50 /home/team05/lika.teamjaketech.com/vendor/laravel/framework/src/Illuminate/Pipeline/Pipeline.php(141): Illuminate\\Foundation\\Http\\Kernel->Illuminate\\Foundation\\Http\\{closure}()
#51 /home/team05/lika.teamjaketech.com/vendor/barryvdh/laravel-debugbar/src/Middleware/InjectDebugbar.php(59): Illuminate\\Pipeline\\Pipeline->Illuminate\\Pipeline\\{closure}()
#52 /home/team05/lika.teamjaketech.com/vendor/laravel/framework/src/Illuminate/Pipeline/Pipeline.php(180): Barryvdh\\Debugbar\\Middleware\\InjectDebugbar->handle()
#53 /home/team05/lika.teamjaketech.com/vendor/laravel/framework/src/Illuminate/Foundation/Http/Middleware/TransformsRequest.php(21): Illuminate\\Pipeline\\Pipeline->Illuminate\\Pipeline\\{closure}()
#54 /home/team05/lika.teamjaketech.com/vendor/laravel/framework/src/Illuminate/Foundation/Http/Middleware/ConvertEmptyStringsToNull.php(31): Illuminate\\Foundation\\Http\\Middleware\\TransformsRequest->handle()
#55 /home/team05/lika.teamjaketech.com/vendor/laravel/framework/src/Illuminate/Pipeline/Pipeline.php(180): Illuminate\\Foundation\\Http\\Middleware\\ConvertEmptyStringsToNull->handle()
#56 /home/team05/lika.teamjaketech.com/vendor/laravel/framework/src/Illuminate/Foundation/Http/Middleware/TransformsRequest.php(21): Illuminate\\Pipeline\\Pipeline->Illuminate\\Pipeline\\{closure}()
#57 /home/team05/lika.teamjaketech.com/vendor/laravel/framework/src/Illuminate/Foundation/Http/Middleware/TrimStrings.php(40): Illuminate\\Foundation\\Http\\Middleware\\TransformsRequest->handle()
#58 /home/team05/lika.teamjaketech.com/vendor/laravel/framework/src/Illuminate/Pipeline/Pipeline.php(180): Illuminate\\Foundation\\Http\\Middleware\\TrimStrings->handle()
#59 /home/team05/lika.teamjaketech.com/vendor/laravel/framework/src/Illuminate/Foundation/Http/Middleware/ValidatePostSize.php(27): Illuminate\\Pipeline\\Pipeline->Illuminate\\Pipeline\\{closure}()
#60 /home/team05/lika.teamjaketech.com/vendor/laravel/framework/src/Illuminate/Pipeline/Pipeline.php(180): Illuminate\\Foundation\\Http\\Middleware\\ValidatePostSize->handle()
#61 /home/team05/lika.teamjaketech.com/vendor/laravel/framework/src/Illuminate/Foundation/Http/Middleware/PreventRequestsDuringMaintenance.php(86): Illuminate\\Pipeline\\Pipeline->Illuminate\\Pipeline\\{closure}()
#62 /home/team05/lika.teamjaketech.com/vendor/laravel/framework/src/Illuminate/Pipeline/Pipeline.php(180): Illuminate\\Foundation\\Http\\Middleware\\PreventRequestsDuringMaintenance->handle()
#63 /home/team05/lika.teamjaketech.com/vendor/laravel/framework/src/Illuminate/Http/Middleware/HandleCors.php(49): Illuminate\\Pipeline\\Pipeline->Illuminate\\Pipeline\\{closure}()
#64 /home/team05/lika.teamjaketech.com/vendor/laravel/framework/src/Illuminate/Pipeline/Pipeline.php(180): Illuminate\\Http\\Middleware\\HandleCors->handle()
#65 /home/team05/lika.teamjaketech.com/vendor/laravel/framework/src/Illuminate/Http/Middleware/TrustProxies.php(39): Illuminate\\Pipeline\\Pipeline->Illuminate\\Pipeline\\{closure}()
#66 /home/team05/lika.teamjaketech.com/vendor/laravel/framework/src/Illuminate/Pipeline/Pipeline.php(180): Illuminate\\Http\\Middleware\\TrustProxies->handle()
#67 /home/team05/lika.teamjaketech.com/vendor/laravel/framework/src/Illuminate/Pipeline/Pipeline.php(116): Illuminate\\Pipeline\\Pipeline->Illuminate\\Pipeline\\{closure}()
#68 /home/team05/lika.teamjaketech.com/vendor/laravel/framework/src/Illuminate/Foundation/Http/Kernel.php(165): Illuminate\\Pipeline\\Pipeline->then()
#69 /home/team05/lika.teamjaketech.com/vendor/laravel/framework/src/Illuminate/Foundation/Http/Kernel.php(134): Illuminate\\Foundation\\Http\\Kernel->sendRequestThroughRouter()
#70 /home/team05/lika.teamjaketech.com/public/index.php(51): Illuminate\\Foundation\\Http\\Kernel->handle()
#71 {main}

[previous exception] [object] (PDOException(code: 42S22): SQLSTATE[42S22]: Column not found: 1054 Unknown column 'accounting_acc_trans_mappings.added_by' in 'WHERE' at /home/team05/lika.teamjaketech.com/vendor/laravel/framework/src/Illuminate/Database/Connection.php:414)
[stacktrace]
#0 /home/team05/lika.teamjaketech.com/vendor/laravel/framework/src/Illuminate/Database/Connection.php(414): PDO->prepare()
#1 /home/team05/lika.teamjaketech.com/vendor/laravel/framework/src/Illuminate/Database/Connection.php(753): Illuminate\\Database\\Connection->Illuminate\\Database\\{closure}()
#2 /home/team05/lika.teamjaketech.com/vendor/laravel/framework/src/Illuminate/Database/Connection.php(720): Illuminate\\Database\\Connection->runQueryCallback()
#3 /home/team05/lika.teamjaketech.com/vendor/laravel/framework/src/Illuminate/Database/Connection.php(405): Illuminate\\Database\\Connection->run()
#4 /home/team05/lika.teamjaketech.com/vendor/laravel/framework/src/Illuminate/Database/Query/Builder.php(2705): Illuminate\\Database\\Connection->select()
#5 /home/team05/lika.teamjaketech.com/vendor/laravel/framework/src/Illuminate/Database/Query/Builder.php(2694): Illuminate\\Database\\Query\\Builder->runSelect()
#6 /home/team05/lika.teamjaketech.com/vendor/laravel/framework/src/Illuminate/Database/Query/Builder.php(3230): Illuminate\\Database\\Query\\Builder->Illuminate\\Database\\Query\\{closure}()
#7 /home/team05/lika.teamjaketech.com/vendor/laravel/framework/src/Illuminate/Database/Query/Builder.php(2693): Illuminate\\Database\\Query\\Builder->onceWithColumns()
#8 /home/team05/lika.teamjaketech.com/vendor/laravel/framework/src/Illuminate/Database/Query/Builder.php(3157): Illuminate\\Database\\Query\\Builder->get()
#9 /home/team05/lika.teamjaketech.com/vendor/laravel/framework/src/Illuminate/Database/Query/Builder.php(3085): Illuminate\\Database\\Query\\Builder->aggregate()
#10 /home/team05/lika.teamjaketech.com/vendor/laravel/framework/src/Illuminate/Database/Eloquent/Builder.php(1869): Illuminate\\Database\\Query\\Builder->count()
#11 /home/team05/lika.teamjaketech.com/vendor/yajra/laravel-datatables-oracle/src/QueryDataTable.php(215): Illuminate\\Database\\Eloquent\\Builder->__call()
#12 /home/team05/lika.teamjaketech.com/vendor/yajra/laravel-datatables-oracle/src/QueryDataTable.php(200): Yajra\\DataTables\\QueryDataTable->count()
#13 /home/team05/lika.teamjaketech.com/vendor/yajra/laravel-datatables-oracle/src/DataTableAbstract.php(705): Yajra\\DataTables\\QueryDataTable->filteredCount()
#14 /home/team05/lika.teamjaketech.com/vendor/yajra/laravel-datatables-oracle/src/QueryDataTable.php(142): Yajra\\DataTables\\DataTableAbstract->filterRecords()
#15 /home/team05/lika.teamjaketech.com/vendor/yajra/laravel-datatables-oracle/src/QueryDataTable.php(99): Yajra\\DataTables\\QueryDataTable->prepareQuery()
#16 /home/team05/lika.teamjaketech.com/Modules/Accounting/Http/Controllers/JournalEntryController.php(114): Yajra\\DataTables\\QueryDataTable->make()
#17 /home/team05/lika.teamjaketech.com/vendor/laravel/framework/src/Illuminate/Routing/Controller.php(54): Modules\\Accounting\\Http\\Controllers\\JournalEntryController->index()
#18 /home/team05/lika.teamjaketech.com/vendor/laravel/framework/src/Illuminate/Routing/ControllerDispatcher.php(43): Illuminate\\Routing\\Controller->callAction()
#19 /home/team05/lika.teamjaketech.com/vendor/laravel/framework/src/Illuminate/Routing/Route.php(259): Illuminate\\Routing\\ControllerDispatcher->dispatch()
#20 /home/team05/lika.teamjaketech.com/vendor/laravel/framework/src/Illuminate/Routing/Route.php(205): Illuminate\\Routing\\Route->runController()
#21 /home/team05/lika.teamjaketech.com/vendor/laravel/framework/src/Illuminate/Routing/Router.php(798): Illuminate\\Routing\\Route->run()
#22 /home/team05/lika.teamjaketech.com/vendor/laravel/framework/src/Illuminate/Pipeline/Pipeline.php(141): Illuminate\\Routing\\Router->Illuminate\\Routing\\{closure}()
#23 /home/team05/lika.teamjaketech.com/app/Http/Middleware/AdminSidebarMenu.php(22): Illuminate\\Pipeline\\Pipeline->Illuminate\\Pipeline\\{closure}()
#24 /home/team05/lika.teamjaketech.com/vendor/laravel/framework/src/Illuminate/Pipeline/Pipeline.php(180): App\\Http\\Middleware\\AdminSidebarMenu->handle()
#25 /home/team05/lika.teamjaketech.com/app/Http/Middleware/Timezone.php(30): Illuminate\\Pipeline\\Pipeline->Illuminate\\Pipeline\\{closure}()
#26 /home/team05/lika.teamjaketech.com/vendor/laravel/framework/src/Illuminate/Pipeline/Pipeline.php(180): App\\Http\\Middleware\\Timezone->handle()
#27 /home/team05/lika.teamjaketech.com/app/Http/Middleware/Language.php(25): Illuminate\\Pipeline\\Pipeline->Illuminate\\Pipeline\\{closure}()
#28 /home/team05/lika.teamjaketech.com/vendor/laravel/framework/src/Illuminate/Pipeline/Pipeline.php(180): App\\Http\\Middleware\\Language->handle()
#29 /home/team05/lika.teamjaketech.com/app/Http/Middleware/SetSessionData.php(52): Illuminate\\Pipeline\\Pipeline->Illuminate\\Pipeline\\{closure}()
#30 /home/team05/lika.teamjaketech.com/vendor/laravel/framework/src/Illuminate/Pipeline/Pipeline.php(180): App\\Http\\Middleware\\SetSessionData->handle()
#31 /home/team05/lika.teamjaketech.com/vendor/laravel/framework/src/Illuminate/Routing/Middleware/SubstituteBindings.php(50): Illuminate\\Pipeline\\Pipeline->Illuminate\\Pipeline\\{closure}()
#32 /home/team05/lika.teamjaketech.com/vendor/laravel/framework/src/Illuminate/Pipeline/Pipeline.php(180): Illuminate\\Routing\\Middleware\\SubstituteBindings->handle()
#33 /home/team05/lika.teamjaketech.com/vendor/laravel/framework/src/Illuminate/Auth/Middleware/Authenticate.php(44): Illuminate\\Pipeline\\Pipeline->Illuminate\\Pipeline\\{closure}()
#34 /home/team05/lika.teamjaketech.com/vendor/laravel/framework/src/Illuminate/Pipeline/Pipeline.php(180): Illuminate\\Auth\\Middleware\\Authenticate->handle()
#35 /home/team05/lika.teamjaketech.com/vendor/laravel/framework/src/Illuminate/Foundation/Http/Middleware/VerifyCsrfToken.php(78): Illuminate\\Pipeline\\Pipeline->Illuminate\\Pipeline\\{closure}()
#36 /home/team05/lika.teamjaketech.com/vendor/laravel/framework/src/Illuminate/Pipeline/Pipeline.php(180): Illuminate\\Foundation\\Http\\Middleware\\VerifyCsrfToken->handle()
#37 /home/team05/lika.teamjaketech.com/vendor/laravel/framework/src/Illuminate/View/Middleware/ShareErrorsFromSession.php(49): Illuminate\\Pipeline\\Pipeline->Illuminate\\Pipeline\\{closure}()
#38 /home/team05/lika.teamjaketech.com/vendor/laravel/framework/src/Illuminate/Pipeline/Pipeline.php(180): Illuminate\\View\\Middleware\\ShareErrorsFromSession->handle()
#39 /home/team05/lika.teamjaketech.com/vendor/laravel/framework/src/Illuminate/Session/Middleware/StartSession.php(121): Illuminate\\Pipeline\\Pipeline->Illuminate\\Pipeline\\{closure}()
#40 /home/team05/lika.teamjaketech.com/vendor/laravel/framework/src/Illuminate/Session/Middleware/StartSession.php(64): Illuminate\\Session\\Middleware\\StartSession->handleStatefulRequest()
#41 /home/team05/lika.teamjaketech.com/vendor/laravel/framework/src/Illuminate/Pipeline/Pipeline.php(180): Illuminate\\Session\\Middleware\\StartSession->handle()
#42 /home/team05/lika.teamjaketech.com/vendor/laravel/framework/src/Illuminate/Cookie/Middleware/AddQueuedCookiesToResponse.php(37): Illuminate\\Pipeline\\Pipeline->Illuminate\\Pipeline\\{closure}()
#43 /home/team05/lika.teamjaketech.com/vendor/laravel/framework/src/Illuminate/Pipeline/Pipeline.php(180): Illuminate\\Cookie\\Middleware\\AddQueuedCookiesToResponse->handle()
#44 /home/team05/lika.teamjaketech.com/vendor/laravel/framework/src/Illuminate/Cookie/Middleware/EncryptCookies.php(67): Illuminate\\Pipeline\\Pipeline->Illuminate\\Pipeline\\{closure}()
#45 /home/team05/lika.teamjaketech.com/vendor/laravel/framework/src/Illuminate/Pipeline/Pipeline.php(180): Illuminate\\Cookie\\Middleware\\EncryptCookies->handle()
#46 /home/team05/lika.teamjaketech.com/vendor/laravel/framework/src/Illuminate/Pipeline/Pipeline.php(116): Illuminate\\Pipeline\\Pipeline->Illuminate\\Pipeline\\{closure}()
#47 /home/team05/lika.teamjaketech.com/vendor/laravel/framework/src/Illuminate/Routing/Router.php(797): Illuminate\\Pipeline\\Pipeline->then()
#48 /home/team05/lika.teamjaketech.com/vendor/laravel/framework/src/Illuminate/Routing/Router.php(776): Illuminate\\Routing\\Router->runRouteWithinStack()
#49 /home/team05/lika.teamjaketech.com/vendor/laravel/framework/src/Illuminate/Routing/Router.php(740): Illuminate\\Routing\\Router->runRoute()
#50 /home/team05/lika.teamjaketech.com/vendor/laravel/framework/src/Illuminate/Routing/Router.php(729): Illuminate\\Routing\\Router->dispatchToRoute()
#51 /home/team05/lika.teamjaketech.com/vendor/laravel/framework/src/Illuminate/Foundation/Http/Kernel.php(190): Illuminate\\Routing\\Router->dispatch()
#52 /home/team05/lika.teamjaketech.com/vendor/laravel/framework/src/Illuminate/Pipeline/Pipeline.php(141): Illuminate\\Foundation\\Http\\Kernel->Illuminate\\Foundation\\Http\\{closure}()
#53 /home/team05/lika.teamjaketech.com/vendor/barryvdh/laravel-debugbar/src/Middleware/InjectDebugbar.php(59): Illuminate\\Pipeline\\Pipeline->Illuminate\\Pipeline\\{closure}()
#54 /home/team05/lika.teamjaketech.com/vendor/laravel/framework/src/Illuminate/Pipeline/Pipeline.php(180): Barryvdh\\Debugbar\\Middleware\\InjectDebugbar->handle()
#55 /home/team05/lika.teamjaketech.com/vendor/laravel/framework/src/Illuminate/Foundation/Http/Middleware/TransformsRequest.php(21): Illuminate\\Pipeline\\Pipeline->Illuminate\\Pipeline\\{closure}()
#56 /home/team05/lika.teamjaketech.com/vendor/laravel/framework/src/Illuminate/Foundation/Http/Middleware/ConvertEmptyStringsToNull.php(31): Illuminate\\Foundation\\Http\\Middleware\\TransformsRequest->handle()
#57 /home/team05/lika.teamjaketech.com/vendor/laravel/framework/src/Illuminate/Pipeline/Pipeline.php(180): Illuminate\\Foundation\\Http\\Middleware\\ConvertEmptyStringsToNull->handle()
#58 /home/team05/lika.teamjaketech.com/vendor/laravel/framework/src/Illuminate/Foundation/Http/Middleware/TransformsRequest.php(21): Illuminate\\Pipeline\\Pipeline->Illuminate\\Pipeline\\{closure}()
#59 /home/team05/lika.teamjaketech.com/vendor/laravel/framework/src/Illuminate/Foundation/Http/Middleware/TrimStrings.php(40): Illuminate\\Foundation\\Http\\Middleware\\TransformsRequest->handle()
#60 /home/team05/lika.teamjaketech.com/vendor/laravel/framework/src/Illuminate/Pipeline/Pipeline.php(180): Illuminate\\Foundation\\Http\\Middleware\\TrimStrings->handle()
#61 /home/team05/lika.teamjaketech.com/vendor/laravel/framework/src/Illuminate/Foundation/Http/Middleware/ValidatePostSize.php(27): Illuminate\\Pipeline\\Pipeline->Illuminate\\Pipeline\\{closure}()
#62 /home/team05/lika.teamjaketech.com/vendor/laravel/framework/src/Illuminate/Pipeline/Pipeline.php(180): Illuminate\\Foundation\\Http\\Middleware\\ValidatePostSize->handle()
#63 /home/team05/lika.teamjaketech.com/vendor/laravel/framework/src/Illuminate/Foundation/Http/Middleware/PreventRequestsDuringMaintenance.php(86): Illuminate\\Pipeline\\Pipeline->Illuminate\\Pipeline\\{closure}()
#64 /home/team05/lika.teamjaketech.com/vendor/laravel/framework/src/Illuminate/Pipeline/Pipeline.php(180): Illuminate\\Foundation\\Http\\Middleware\\PreventRequestsDuringMaintenance->handle()
#65 /home/team05/lika.teamjaketech.com/vendor/laravel/framework/src/Illuminate/Http/Middleware/HandleCors.php(49): Illuminate\\Pipeline\\Pipeline->Illuminate\\Pipeline\\{closure}()
#66 /home/team05/lika.teamjaketech.com/vendor/laravel/framework/src/Illuminate/Pipeline/Pipeline.php(180): Illuminate\\Http\\Middleware\\HandleCors->handle()
#67 /home/team05/lika.teamjaketech.com/vendor/laravel/framework/src/Illuminate/Http/Middleware/TrustProxies.php(39): Illuminate\\Pipeline\\Pipeline->Illuminate\\Pipeline\\{closure}()
#68 /home/team05/lika.teamjaketech.com/vendor/laravel/framework/src/Illuminate/Pipeline/Pipeline.php(180): Illuminate\\Http\\Middleware\\TrustProxies->handle()
#69 /home/team05/lika.teamjaketech.com/vendor/laravel/framework/src/Illuminate/Pipeline/Pipeline.php(116): Illuminate\\Pipeline\\Pipeline->Illuminate\\Pipeline\\{closure}()
#70 /home/team05/lika.teamjaketech.com/vendor/laravel/framework/src/Illuminate/Foundation/Http/Kernel.php(165): Illuminate\\Pipeline\\Pipeline->then()
#71 /home/team05/lika.teamjaketech.com/vendor/laravel/framework/src/Illuminate/Foundation/Http/Kernel.php(134): Illuminate\\Foundation\\Http\\Kernel->sendRequestThroughRouter()
#72 /home/team05/lika.teamjaketech.com/public/index.php(51): Illuminate\\Foundation\\Http\\Kernel->handle()
#73 {main}
"} 
[2026-04-17 11:17:08] local.EMERGENCY: File:/home/team05/lika.teamjaketech.com/vendor/spatie/laravel-permission/src/Exceptions/PermissionAlreadyExists.phpLine:11Message:A `draft.view_all` permission already exists for guard `web`.  
